date,maxTem,minTem,weathers,wind
2022-01-01,13℃,2℃,多云,东南风 1级
2022-01-02,11℃,5℃,阴,东风 1级
2022-01-03,9℃,7℃,阴,北风 1级
2022-01-04,13℃,3℃,阴,南风 1级
2022-01-05,12℃,6℃,阴,北风 2级
2022-01-06,12℃,7℃,多云,北风 1级
2022-01-07,10℃,7℃,阴,北风 1级
2022-01-08,10℃,6℃,阴,北风 1级
2022-01-09,9℃,7℃,阴,北风 2级
2022-01-10,11℃,4℃,多云,东风 2级
2022-02-01,7℃,4℃,小雨,东北风 2级
2022-02-02,9℃,3℃,雾,西南风 1级
2022-02-03,8℃,4℃,雾,东北风 1级
2022-02-04,8℃,5℃,小雨,东南风 1级
2022-02-05,6℃,3℃,小雨,北风 1级
2022-02-06,6℃,2℃,小雨,北风 1级
2022-02-07,5℃,3℃,雾,东风 2级
2022-02-08,8℃,2℃,多云,南风 2级
2022-02-09,8℃,2℃,多云,东风 1级
2022-02-10,7℃,4℃,雾,北风 1级
2022-03-01,15℃,7℃,多云,东南风 1级
2022-03-02,17℃,7℃,阴,东北风 1级
2022-03-03,19℃,9℃,阴,南风 1级
2022-03-04,20℃,10℃,多云,西风 2级
2022-03-05,21℃,11℃,阴,东北风 2级
2022-03-06,21℃,9℃,晴,西南风 2级
2022-03-07,21℃,10℃,晴,东风 1级
2022-03-08,22℃,9℃,晴,北风 2级
2022-03-09,24℃,12℃,阴,北风 1级
2022-03-10,25℃,13℃,多云,北风 1级
2022-04-01,16℃,9℃,阴,西南风 1级
2022-04-02,20℃,10℃,多云,东南风 2级
2022-04-03,18℃,11℃,多云,北风 2级
2022-04-04,15℃,10℃,多云,西风 1级
2022-04-05,21℃,11℃,阴,南风 1级
2022-04-06,22℃,11℃,晴,南风 2级
2022-04-07,26℃,13℃,晴,南风 1级
2022-04-08,26℃,15℃,小雨,北风 1级
2022-04-09,29℃,16℃,多云,南风 2级
2022-04-10,29℃,17℃,多云,东南风 1级
2022-05-01,22℃,12℃,多云,西南风 3级
2022-05-02,25℃,11℃,多云,西南风 2级
2022-05-03,25℃,13℃,多云,南风 1级
2022-05-04,27℃,15℃,多云,南风 1级
2022-05-05,29℃,17℃,多云,南风 1级
2022-05-06,33℃,19℃,多云,东南风 2级
2022-05-07,32℃,20℃,多云,南风 2级
2022-05-08,27℃,17℃,小雨,北风 2级
2022-05-09,29℃,17℃,多云,南风 2级
2022-05-10,29℃,17℃,小雨,东北风 1级
2022-06-01,28℃,22℃,多云,东南风 2级
2022-06-02,30℃,22℃,晴,西南风 1级
2022-06-03,30℃,21℃,多云,南风 1级
2022-06-04,27℃,19℃,多云,西南风 2级
2022-06-05,30℃,20℃,多云,南风 2级
2022-06-06,31℃,21℃,多云,西南风 2级
2022-06-07,32℃,21℃,多云,南风 1级
2022-06-08,27℃,20℃,多云,东南风 1级
2022-06-09,26℃,20℃,多云,西风 1级
2022-06-10,27℃,20℃,阴,西南风 3级
2022-07-01,32℃,22℃,小雨,西南风 1级
2022-07-02,29℃,19℃,晴,西南风 1级
2022-07-03,32℃,22℃,晴,南风 2级
2022-07-04,34℃,24℃,多云,南风 1级
2022-07-05,36℃,24℃,晴,西南风 1级
2022-07-06,36℃,24℃,晴,南风 1级
2022-07-07,36℃,24℃,晴,西南风 1级
2022-07-08,37℃,25℃,晴,东南风 2级
2022-07-09,37℃,25℃,多云,西风 1级
2022-07-10,35℃,25℃,阴,北风 2级
2022-08-01,32℃,23℃,多云,西风 1级
2022-08-02,33℃,23℃,多云,西北风 1级
2022-08-03,34℃,24℃,雾,北风 2级
2022-08-04,31℃,24℃,小雨,东南风 1级
2022-08-05,34℃,24℃,雾,西风 1级
2022-08-06,34℃,25℃,多云,南风 1级
2022-08-07,37℃,25℃,多云,西北风 1级
2022-08-08,38℃,26℃,多云,西南风 1级
2022-08-09,38℃,25℃,多云,北风 1级
2022-08-10,38℃,25℃,多云,西北风 2级
2022-09-01,27℃,18℃,多云,南风 2级
2022-09-02,24℃,18℃,多云,东风 2级
2022-09-03,22℃,18℃,小雨,西南风 2级
2022-09-04,27℃,19℃,多云,西南风 2级
2022-09-05,32℃,19℃,雾,西南风 1级
2022-09-06,34℃,20℃,多云,西风 1级
2022-09-07,28℃,19℃,雾,北风 2级
2022-09-08,21℃,18℃,小雨,西北风 1级
2022-09-09,26℃,18℃,雾,南风 1级
2022-09-10,28℃,19℃,雾,东风 1级
2022-10-01,26℃,21℃,阴,北风 1级
2022-10-02,30℃,21℃,雾,东北风 1级
2022-10-03,24℃,17℃,雾,东北风 2级
2022-10-04,25℃,16℃,多云,南风 1级
2022-10-05,20℃,15℃,雾,东北风 1级
2022-10-06,19℃,14℃,多云,西南风 3级
2022-10-07,18℃,13℃,多云,东北风 1级
2022-10-08,17℃,13℃,小雨,西风 1级
2022-10-09,18℃,11℃,阴,北风 3级
2022-10-10,19℃,12℃,阴,西南风 2级
2022-11-01,24℃,16℃,雾,东南风 1级
2022-11-02,21℃,16℃,多云,北风 2级
2022-11-03,19℃,14℃,雾,东北风 1级
2022-11-04,19℃,13℃,小雨,东风 1级
2022-11-05,19℃,14℃,雾,东南风 2级
2022-11-06,20℃,15℃,雾,东北风 1级
2022-11-07,20℃,14℃,雾,北风 1级
2022-11-08,22℃,15℃,多云,东南风 1级
2022-11-09,18℃,16℃,雾,东风 2级
2022-11-10,21℃,16℃,雾,东北风 2级
2022-12-01,6℃,3℃,多云,东南风 1级
2022-12-02,9℃,5℃,多云,东风 2级
2022-12-03,7℃,6℃,雾,西风 2级
2022-12-04,12℃,5℃,雾,东南风 1级
2022-12-05,10℃,7℃,雾,东风 2级
2022-12-06,8℃,6℃,雾,西风 2级
2022-12-07,12℃,7℃,雾,东风 1级
2022-12-08,12℃,8℃,多云,南风 2级
2022-12-09,12℃,9℃,多云,西风 1级
2022-12-10,14℃,8℃,多云,西南风 1级
2022-01-01,13℃,2℃,多云,东南风 1级
2022-01-02,11℃,5℃,阴,东风 1级
2022-01-03,9℃,7℃,阴,北风 1级
2022-01-04,13℃,3℃,阴,南风 1级
2022-01-05,12℃,6℃,阴,北风 2级
2022-01-06,12℃,7℃,多云,北风 1级
2022-01-07,10℃,7℃,阴,北风 1级
2022-01-08,10℃,6℃,阴,北风 1级
2022-01-09,9℃,7℃,阴,北风 2级
2022-01-10,11℃,4℃,多云,东风 2级
2022-02-01,7℃,4℃,小雨,东北风 2级
2022-02-02,9℃,3℃,雾,西南风 1级
2022-02-03,8℃,4℃,雾,东北风 1级
2022-02-04,8℃,5℃,小雨,东南风 1级
2022-02-05,6℃,3℃,小雨,北风 1级
2022-02-06,6℃,2℃,小雨,北风 1级
2022-02-07,5℃,3℃,雾,东风 2级
2022-02-08,8℃,2℃,多云,南风 2级
2022-02-09,8℃,2℃,多云,东风 1级
2022-02-10,7℃,4℃,雾,北风 1级
2022-03-01,15℃,7℃,多云,东南风 1级
2022-03-02,17℃,7℃,阴,东北风 1级
2022-03-03,19℃,9℃,阴,南风 1级
2022-03-04,20℃,10℃,多云,西风 2级
2022-03-05,21℃,11℃,阴,东北风 2级
2022-03-06,21℃,9℃,晴,西南风 2级
2022-03-07,21℃,10℃,晴,东风 1级
2022-03-08,22℃,9℃,晴,北风 2级
2022-03-09,24℃,12℃,阴,北风 1级
2022-03-10,25℃,13℃,多云,北风 1级
2022-04-01,16℃,9℃,阴,西南风 1级
2022-04-02,20℃,10℃,多云,东南风 2级
2022-04-03,18℃,11℃,多云,北风 2级
2022-04-04,15℃,10℃,多云,西风 1级
2022-04-05,21℃,11℃,阴,南风 1级
2022-04-06,22℃,11℃,晴,南风 2级
2022-04-07,26℃,13℃,晴,南风 1级
2022-04-08,26℃,15℃,小雨,北风 1级
2022-04-09,29℃,16℃,多云,南风 2级
2022-04-10,29℃,17℃,多云,东南风 1级
2022-05-01,22℃,12℃,多云,西南风 3级
2022-05-02,25℃,11℃,多云,西南风 2级
2022-05-03,25℃,13℃,多云,南风 1级
2022-05-04,27℃,15℃,多云,南风 1级
2022-05-05,29℃,17℃,多云,南风 1级
2022-05-06,33℃,19℃,多云,东南风 2级
2022-05-07,32℃,20℃,多云,南风 2级
2022-05-08,27℃,17℃,小雨,北风 2级
2022-05-09,29℃,17℃,多云,南风 2级
2022-05-10,29℃,17℃,小雨,东北风 1级
2022-06-01,28℃,22℃,多云,东南风 2级
2022-06-02,30℃,22℃,晴,西南风 1级
2022-06-03,30℃,21℃,多云,南风 1级
2022-06-04,27℃,19℃,多云,西南风 2级
2022-06-05,30℃,20℃,多云,南风 2级
2022-06-06,31℃,21℃,多云,西南风 2级
2022-06-07,32℃,21℃,多云,南风 1级
2022-06-08,27℃,20℃,多云,东南风 1级
2022-06-09,26℃,20℃,多云,西风 1级
2022-06-10,27℃,20℃,阴,西南风 3级
2022-07-01,32℃,22℃,小雨,西南风 1级
2022-07-02,29℃,19℃,晴,西南风 1级
2022-07-03,32℃,22℃,晴,南风 2级
2022-07-04,34℃,24℃,多云,南风 1级
2022-07-05,36℃,24℃,晴,西南风 1级
2022-07-06,36℃,24℃,晴,南风 1级
2022-07-07,36℃,24℃,晴,西南风 1级
2022-07-08,37℃,25℃,晴,东南风 2级
2022-07-09,37℃,25℃,多云,西风 1级
2022-07-10,35℃,25℃,阴,北风 2级
2022-08-01,32℃,23℃,多云,西风 1级
2022-08-02,33℃,23℃,多云,西北风 1级
2022-08-03,34℃,24℃,雾,北风 2级
2022-08-04,31℃,24℃,小雨,东南风 1级
2022-08-05,34℃,24℃,雾,西风 1级
2022-08-06,34℃,25℃,多云,南风 1级
2022-08-07,37℃,25℃,多云,西北风 1级
2022-08-08,38℃,26℃,多云,西南风 1级
2022-08-09,38℃,25℃,多云,北风 1级
2022-08-10,38℃,25℃,多云,西北风 2级
2022-09-01,27℃,18℃,多云,南风 2级
2022-09-02,24℃,18℃,多云,东风 2级
2022-09-03,22℃,18℃,小雨,西南风 2级
2022-09-04,27℃,19℃,多云,西南风 2级
2022-09-05,32℃,19℃,雾,西南风 1级
2022-09-06,34℃,20℃,多云,西风 1级
2022-09-07,28℃,19℃,雾,北风 2级
2022-09-08,21℃,18℃,小雨,西北风 1级
2022-09-09,26℃,18℃,雾,南风 1级
2022-09-10,28℃,19℃,雾,东风 1级
2022-10-01,26℃,21℃,阴,北风 1级
2022-10-02,30℃,21℃,雾,东北风 1级
2022-10-03,24℃,17℃,雾,东北风 2级
2022-10-04,25℃,16℃,多云,南风 1级
2022-10-05,20℃,15℃,雾,东北风 1级
2022-10-06,19℃,14℃,多云,西南风 3级
2022-10-07,18℃,13℃,多云,东北风 1级
2022-10-08,17℃,13℃,小雨,西风 1级
2022-10-09,18℃,11℃,阴,北风 3级
2022-10-10,19℃,12℃,阴,西南风 2级
2022-11-01,24℃,16℃,雾,东南风 1级
2022-11-02,21℃,16℃,多云,北风 2级
2022-11-03,19℃,14℃,雾,东北风 1级
2022-11-04,19℃,13℃,小雨,东风 1级
2022-11-05,19℃,14℃,雾,东南风 2级
2022-11-06,20℃,15℃,雾,东北风 1级
2022-11-07,20℃,14℃,雾,北风 1级
2022-11-08,22℃,15℃,多云,东南风 1级
2022-11-09,18℃,16℃,雾,东风 2级
2022-11-10,21℃,16℃,雾,东北风 2级
2022-12-01,6℃,3℃,多云,东南风 1级
2022-12-02,9℃,5℃,多云,东风 2级
2022-12-03,7℃,6℃,雾,西风 2级
2022-12-04,12℃,5℃,雾,东南风 1级
2022-12-05,10℃,7℃,雾,东风 2级
2022-12-06,8℃,6℃,雾,西风 2级
2022-12-07,12℃,7℃,雾,东风 1级
2022-12-08,12℃,8℃,多云,南风 2级
2022-12-09,12℃,9℃,多云,西风 1级
2022-12-10,14℃,8℃,多云,西南风 1级
2022-01-01,13℃,2℃,多云,东南风 1级
2022-01-02,11℃,5℃,阴,东风 1级
2022-01-03,9℃,7℃,阴,北风 1级
2022-01-04,13℃,3℃,阴,南风 1级
2022-01-05,12℃,6℃,阴,北风 2级
2022-01-06,12℃,7℃,多云,北风 1级
2022-01-07,10℃,7℃,阴,北风 1级
2022-01-08,10℃,6℃,阴,北风 1级
2022-01-09,9℃,7℃,阴,北风 2级
2022-01-10,11℃,4℃,多云,东风 2级
2022-02-01,7℃,4℃,小雨,东北风 2级
2022-02-02,9℃,3℃,雾,西南风 1级
2022-02-03,8℃,4℃,雾,东北风 1级
2022-02-04,8℃,5℃,小雨,东南风 1级
2022-02-05,6℃,3℃,小雨,北风 1级
2022-02-06,6℃,2℃,小雨,北风 1级
2022-02-07,5℃,3℃,雾,东风 2级
2022-02-08,8℃,2℃,多云,南风 2级
2022-02-09,8℃,2℃,多云,东风 1级
2022-02-10,7℃,4℃,雾,北风 1级
2022-03-01,15℃,7℃,多云,东南风 1级
2022-03-02,17℃,7℃,阴,东北风 1级
2022-03-03,19℃,9℃,阴,南风 1级
2022-03-04,20℃,10℃,多云,西风 2级
2022-03-05,21℃,11℃,阴,东北风 2级
2022-03-06,21℃,9℃,晴,西南风 2级
2022-03-07,21℃,10℃,晴,东风 1级
2022-03-08,22℃,9℃,晴,北风 2级
2022-03-09,24℃,12℃,阴,北风 1级
2022-03-10,25℃,13℃,多云,北风 1级
2022-04-01,16℃,9℃,阴,西南风 1级
2022-04-02,20℃,10℃,多云,东南风 2级
2022-04-03,18℃,11℃,多云,北风 2级
2022-04-04,15℃,10℃,多云,西风 1级
2022-04-05,21℃,11℃,阴,南风 1级
2022-04-06,22℃,11℃,晴,南风 2级
2022-04-07,26℃,13℃,晴,南风 1级
2022-04-08,26℃,15℃,小雨,北风 1级
2022-04-09,29℃,16℃,多云,南风 2级
2022-04-10,29℃,17℃,多云,东南风 1级
2022-05-01,22℃,12℃,多云,西南风 3级
2022-05-02,25℃,11℃,多云,西南风 2级
2022-05-03,25℃,13℃,多云,南风 1级
2022-05-04,27℃,15℃,多云,南风 1级
2022-05-05,29℃,17℃,多云,南风 1级
2022-05-06,33℃,19℃,多云,东南风 2级
2022-05-07,32℃,20℃,多云,南风 2级
2022-05-08,27℃,17℃,小雨,北风 2级
2022-05-09,29℃,17℃,多云,南风 2级
2022-05-10,29℃,17℃,小雨,东北风 1级
2022-06-01,28℃,22℃,多云,东南风 2级
2022-06-02,30℃,22℃,晴,西南风 1级
2022-06-03,30℃,21℃,多云,南风 1级
2022-06-04,27℃,19℃,多云,西南风 2级
2022-06-05,30℃,20℃,多云,南风 2级
2022-06-06,31℃,21℃,多云,西南风 2级
2022-06-07,32℃,21℃,多云,南风 1级
2022-06-08,27℃,20℃,多云,东南风 1级
2022-06-09,26℃,20℃,多云,西风 1级
2022-06-10,27℃,20℃,阴,西南风 3级
2022-07-01,32℃,22℃,小雨,西南风 1级
2022-07-02,29℃,19℃,晴,西南风 1级
2022-07-03,32℃,22℃,晴,南风 2级
2022-07-04,34℃,24℃,多云,南风 1级
2022-07-05,36℃,24℃,晴,西南风 1级
2022-07-06,36℃,24℃,晴,南风 1级
2022-07-07,36℃,24℃,晴,西南风 1级
2022-07-08,37℃,25℃,晴,东南风 2级
2022-07-09,37℃,25℃,多云,西风 1级
2022-07-10,35℃,25℃,阴,北风 2级
2022-08-01,32℃,23℃,多云,西风 1级
2022-08-02,33℃,23℃,多云,西北风 1级
2022-08-03,34℃,24℃,雾,北风 2级
2022-08-04,31℃,24℃,小雨,东南风 1级
2022-08-05,34℃,24℃,雾,西风 1级
2022-08-06,34℃,25℃,多云,南风 1级
2022-08-07,37℃,25℃,多云,西北风 1级
2022-08-08,38℃,26℃,多云,西南风 1级
2022-08-09,38℃,25℃,多云,北风 1级
2022-08-10,38℃,25℃,多云,西北风 2级
2022-09-01,27℃,18℃,多云,南风 2级
2022-09-02,24℃,18℃,多云,东风 2级
2022-09-03,22℃,18℃,小雨,西南风 2级
2022-09-04,27℃,19℃,多云,西南风 2级
2022-09-05,32℃,19℃,雾,西南风 1级
2022-09-06,34℃,20℃,多云,西风 1级
2022-09-07,28℃,19℃,雾,北风 2级
2022-09-08,21℃,18℃,小雨,西北风 1级
2022-09-09,26℃,18℃,雾,南风 1级
2022-09-10,28℃,19℃,雾,东风 1级
2022-10-01,26℃,21℃,阴,北风 1级
2022-10-02,30℃,21℃,雾,东北风 1级
2022-10-03,24℃,17℃,雾,东北风 2级
2022-10-04,25℃,16℃,多云,南风 1级
2022-10-05,20℃,15℃,雾,东北风 1级
2022-10-06,19℃,14℃,多云,西南风 3级
2022-10-07,18℃,13℃,多云,东北风 1级
2022-10-08,17℃,13℃,小雨,西风 1级
2022-10-09,18℃,11℃,阴,北风 3级
2022-10-10,19℃,12℃,阴,西南风 2级
2022-11-01,24℃,16℃,雾,东南风 1级
2022-11-02,21℃,16℃,多云,北风 2级
2022-11-03,19℃,14℃,雾,东北风 1级
2022-11-04,19℃,13℃,小雨,东风 1级
2022-11-05,19℃,14℃,雾,东南风 2级
2022-11-06,20℃,15℃,雾,东北风 1级
2022-11-07,20℃,14℃,雾,北风 1级
2022-11-08,22℃,15℃,多云,东南风 1级
2022-11-09,18℃,16℃,雾,东风 2级
2022-11-10,21℃,16℃,雾,东北风 2级
2022-12-01,6℃,3℃,多云,东南风 1级
2022-12-02,9℃,5℃,多云,东风 2级
2022-12-03,7℃,6℃,雾,西风 2级
2022-12-04,12℃,5℃,雾,东南风 1级
2022-12-05,10℃,7℃,雾,东风 2级
2022-12-06,8℃,6℃,雾,西风 2级
2022-12-07,12℃,7℃,雾,东风 1级
2022-12-08,12℃,8℃,多云,南风 2级
2022-12-09,12℃,9℃,多云,西风 1级
2022-12-10,14℃,8℃,多云,西南风 1级
2012-10-01,24℃,17℃,多云,南风 小于3级
2012-10-02,20℃,17℃,小雨,南风 小于3级
2012-10-03,23℃,17℃,小雨转多云,微风 小于3级
2012-10-04,22℃,17℃,阵雨转阴,微风 小于3级
2012-10-05,21℃,16℃,小雨转阴,微风 小于3级
2012-10-06,22℃,16℃,小雨,微风 小于3级
2012-10-07,21℃,17℃,小雨转阵雨,微风 小于3级
2012-10-08,20℃,16℃,小雨,微风 小于3级
2012-10-09,23℃,14℃,阴,微风 小于3级
2012-10-10,21℃,15℃,阵雨,微风 小于3级
2012-11-01,22℃,11℃,多云,南风 小于3级
2012-11-02,22℃,12℃,多云,南风 小于3级
2012-11-03,16℃,11℃,阵雨转阴,北风 3-4级
2012-11-04,17℃,6℃,多云,微风 小于3级
2012-11-05,17℃,8℃,多云转阴,微风 小于3级
2012-11-06,14℃,10℃,小雨,微风 小于3级
2012-11-07,14℃,10℃,阵雨,微风 小于3级
2012-11-08,14℃,9℃,阵雨,微风 小于3级
2012-11-09,17℃,10℃,阴转多云,南风 3-4级
2012-11-10,17℃,11℃,阵雨转阴,微风 小于3级
2012-12-01,12℃,5℃,小雨转多云,微风 小于3级
2012-12-02,14℃,5℃,多云,南风 小于3级
2012-12-03,11℃,3℃,多云转阴,南风 小于3级
2012-12-04,12℃,5℃,多云,南风 小于3级
2012-12-05,13℃,4℃,阴转多云,南风 小于3级
2012-12-06,15℃,3℃,多云,南风 小于3级
2012-12-07,12℃,6℃,多云,南风 小于3级
2012-12-08,12℃,8℃,阴,微风 微风
2012-12-09,12℃,8℃,阴,微风 微风
2012-12-10,12℃,6℃,阴转小雨,北风 小于3级
2013-01-01,8℃,-2℃,多云,南风 小于3级
2013-01-02,7℃,1℃,多云转阴,南风~微风 小于3级
2013-01-03,4℃,-1℃,雨夹雪,北风 3-4级
2013-01-04,4℃,-1℃,小雪转阴,北风 3-4级
2013-01-05,5℃,0℃,雨夹雪转阴,北风 3-4级
2013-01-06,5℃,0℃,雨夹雪,微风 小于3级
2013-01-07,7℃,-2℃,多云转阴,南风 小于3级
2013-01-08,8℃,0℃,阴转多云,南风 小于3级
2013-01-09,9℃,-1℃,多云,南风 小于3级
2013-01-10,8℃,1℃,阴转多云,南风 小于3级
2013-02-01,16℃,5℃,多云,南风 小于3级
2013-02-02,15℃,7℃,阴转多云,南风 小于3级
2013-02-03,16℃,7℃,多云,南风 小于3级
2013-02-04,18℃,8℃,多云,南风 小于3级
2013-02-05,18℃,6℃,多云,南风 小于3级
2013-02-06,16℃,8℃,多云,南风 小于3级
2013-02-07,13℃,6℃,阴转小雨,微风 小于3级
2013-02-08,9℃,3℃,小雨,北风 3-4级
2013-02-09,11℃,2℃,阴,北风~南风 3-4级~小于3级
2013-02-10,11℃,2℃,多云,南风 小于3级
2012-01-01,9℃,5℃,小雨,北风 微风
2012-01-02,7℃,4℃,小雨,北风 微风
2012-01-03,6℃,2℃,阴,北风 微风
2012-01-04,7℃,0℃,阴~阵雨,北风 微风
2012-01-05,5℃,0℃,阴,北风 微风
2012-01-06,7℃,3℃,阴,南风 微风
2012-01-07,7℃,0℃,阵雨,北风 微风
2012-01-08,7℃,3℃,阴~阵雨,北风 微风
2012-01-09,8℃,3℃,阴,南风 微风
2012-01-10,7℃,3℃,小雨,北风 微风
2012-02-01,10℃,6℃,阴~小雨,南风~北风 微风
2012-02-02,8℃,2℃,小雨~阴,北风 微风
2012-02-03,9℃,2℃,阴~多云,南风 微风
2012-02-04,11℃,4℃,多云,南风 微风
2012-02-05,9℃,3℃,多云,南风 微风
2012-02-06,11℃,4℃,多云,南风 微风
2012-02-07,9℃,3℃,阴,北风~南风 微风
2012-02-08,6℃,4℃,小雨,北风 微风
2012-02-09,6℃,3℃,小雨,北风 微风
2012-02-10,7℃,2℃,多云,南风 微风
2012-03-01,10℃,4℃,小雨~阴,北风 微风
2012-03-02,12℃,4℃,阴~小雨,南风 微风
2012-03-03,12℃,6℃,阴~小雨,北风 微风
2012-03-04,11℃,6℃,小雨,北风 微风
2012-03-05,10℃,6℃,阴~小雨,北风 微风
2012-03-06,10℃,6℃,阴~小雨,北风 微风
2012-03-07,10℃,6℃,小雨,北风 微风
2012-03-08,9℃,5℃,小雨,北风 微风
2012-03-09,10℃,5℃,阴~小雨,北风 微风
2012-03-10,14℃,2℃,多云~阴,北风 微风
2012-04-01,22℃,11℃,阵雨转多云,微风 小于3级
2012-04-02,22℃,11℃,阵雨转多云,微风 小于3级
2012-04-03,19℃,14℃,阵雨转多云,微风 小于3级
2012-04-04,21℃,12℃,阵雨转多云,微风 小于3级
2012-04-05,21℃,12℃,阵雨转多云,微风 小于3级
2012-04-06,20℃,13℃,阵雨转多云,微风 小于3级
2012-04-07,19℃,14℃,阵雨转多云,微风 小于3级
2012-04-08,21℃,12℃,阵雨转多云,微风 小于3级
2012-04-09,19℃,14℃,阵雨转多云,微风 小于3级
2012-04-10,21℃,12℃,阵雨转多云,微风 小于3级
2012-05-01,27℃,17℃,阴转多云,微风 小于3级
2012-05-02,25℃,18℃,多云转阵雨,南风 小于3级
2012-05-03,25℃,18℃,阵雨转阴,南风 小于3级
2012-05-04,25℃,17℃,阵雨,微风 小于3级
2012-05-05,27℃,19℃,阵雨,南风 小于3级
2012-05-06,25℃,19℃,阵雨转阴,微风 小于3级
2012-05-07,27℃,19℃,阵雨转多云,南风 小于3级
2012-05-08,27℃,19℃,阵雨转多云,南风 小于3级
2012-05-09,32℃,20℃,多云,南风 小于3级
2012-05-10,28℃,21℃,阵雨,南风 小于3级
2012-06-01,27℃,18℃,多云,南风 小于3级
2012-06-02,26℃,18℃,多云转阵雨,南风 小于3级
2012-06-03,25℃,18℃,阵雨,北风 小于3级
2012-06-04,25℃,17℃,阴转阵雨,南风 小于3级
2012-06-05,24℃,19℃,阴转小雨,北风 小于3级
2012-06-06,26℃,20℃,阴,南风 小于3级
2012-06-07,29℃,21℃,多云,南风 小于3级
2012-06-08,29℃,20℃,多云,南风 小于3级
2012-06-09,29℃,21℃,多云转阵雨,南风 小于3级
2012-06-10,30℃,21℃,多云,南风 小于3级
2012-07-01,28℃,22℃,阴转多云,南风 小于3级
2012-07-02,27℃,23℃,阵雨转中雨,南风~北风 小于3级
2012-07-03,25℃,21℃,阴转中到大雨,南风 小于3级
2012-07-04,26℃,21℃,中雨转阵雨,微风 小于3级
2012-07-05,30℃,21℃,多云,南风 小于3级
2012-07-06,29℃,23℃,多云转阵雨,南风 小于3级
2012-07-07,29℃,23℃,多云转雷阵雨,南风~北风 3-4级
2012-07-08,29℃,23℃,阵雨转小到中雨,南风 小于3级
2012-07-09,28℃,22℃,阵雨转阴,南风 小于3级
2012-07-10,28℃,23℃,阵雨,北风 小于3级
2012-08-01,28℃,23℃,阵雨转多云,微风 小于3级
2012-08-02,31℃,23℃,阴转阵雨,北风 小于3级
2012-08-03,32℃,23℃,多云,南风 小于3级
2012-08-04,33℃,24℃,多云,南风 小于3级
2012-08-05,33℃,24℃,阴转多云,南风 小于3级
2012-08-06,29℃,24℃,阴转中雨,北风 3-4级
2012-08-07,33℃,23℃,阵雨转多云,微风~南风 小于3级
2012-08-08,34℃,24℃,晴,南风 小于3级
2012-08-09,34℃,24℃,晴,南风 小于3级
2012-08-10,35℃,25℃,晴,南风 小于3级
2012-09-01,24℃,20℃,中雨,北风 3-4级
2012-09-02,28℃,21℃,阵雨转多云,微风 小于3级
2012-09-03,29℃,20℃,多云转晴,南风 小于3级
2012-09-04,30℃,21℃,多云,南风 小于3级
2012-09-05,31℃,20℃,多云,微风 小于3级
2012-09-06,30℃,21℃,多云,南风 小于3级
2012-09-07,29℃,21℃,阵雨,南风 小于3级
2012-09-08,29℃,21℃,阵雨转多云,南风 小于3级
2012-09-09,30℃,21℃,多云,南风 小于3级
2012-09-10,27℃,20℃,中雨,微风 小于3级
2012-10-01,24℃,17℃,多云,南风 小于3级
2012-10-02,20℃,17℃,小雨,南风 小于3级
2012-10-03,23℃,17℃,小雨转多云,微风 小于3级
2012-10-04,22℃,17℃,阵雨转阴,微风 小于3级
2012-10-05,21℃,16℃,小雨转阴,微风 小于3级
2012-10-06,22℃,16℃,小雨,微风 小于3级
2012-10-07,21℃,17℃,小雨转阵雨,微风 小于3级
2012-10-08,20℃,16℃,小雨,微风 小于3级
2012-10-09,23℃,14℃,阴,微风 小于3级
2012-10-10,21℃,15℃,阵雨,微风 小于3级
2012-11-01,22℃,11℃,多云,南风 小于3级
2012-11-02,22℃,12℃,多云,南风 小于3级
2012-11-03,16℃,11℃,阵雨转阴,北风 3-4级
2012-11-04,17℃,6℃,多云,微风 小于3级
2012-11-05,17℃,8℃,多云转阴,微风 小于3级
2012-11-06,14℃,10℃,小雨,微风 小于3级
2012-11-07,14℃,10℃,阵雨,微风 小于3级
2012-11-08,14℃,9℃,阵雨,微风 小于3级
2012-11-09,17℃,10℃,阴转多云,南风 3-4级
2012-11-10,17℃,11℃,阵雨转阴,微风 小于3级
2012-12-01,12℃,5℃,小雨转多云,微风 小于3级
2012-12-02,14℃,5℃,多云,南风 小于3级
2012-12-03,11℃,3℃,多云转阴,南风 小于3级
2012-12-04,12℃,5℃,多云,南风 小于3级
2012-12-05,13℃,4℃,阴转多云,南风 小于3级
2012-12-06,15℃,3℃,多云,南风 小于3级
2012-12-07,12℃,6℃,多云,南风 小于3级
2012-12-08,12℃,8℃,阴,微风 微风
2012-12-09,12℃,8℃,阴,微风 微风
2012-12-10,12℃,6℃,阴转小雨,北风 小于3级
2013-01-01,8℃,-2℃,多云,南风 小于3级
2013-01-02,7℃,1℃,多云转阴,南风~微风 小于3级
2013-01-03,4℃,-1℃,雨夹雪,北风 3-4级
2013-01-04,4℃,-1℃,小雪转阴,北风 3-4级
2013-01-05,5℃,0℃,雨夹雪转阴,北风 3-4级
2013-01-06,5℃,0℃,雨夹雪,微风 小于3级
2013-01-07,7℃,-2℃,多云转阴,南风 小于3级
2013-01-08,8℃,0℃,阴转多云,南风 小于3级
2013-01-09,9℃,-1℃,多云,南风 小于3级
2013-01-10,8℃,1℃,阴转多云,南风 小于3级
2013-02-01,16℃,5℃,多云,南风 小于3级
2013-02-02,15℃,7℃,阴转多云,南风 小于3级
2013-02-03,16℃,7℃,多云,南风 小于3级
2013-02-04,18℃,8℃,多云,南风 小于3级
2013-02-05,18℃,6℃,多云,南风 小于3级
2013-02-06,16℃,8℃,多云,南风 小于3级
2013-02-07,13℃,6℃,阴转小雨,微风 小于3级
2013-02-08,9℃,3℃,小雨,北风 3-4级
2013-02-09,11℃,2℃,阴,北风~南风 3-4级~小于3级
2013-02-10,11℃,2℃,多云,南风 小于3级
2013-03-01,15℃,9℃,阴转小雨,微风 小于3级
2013-03-02,17℃,6℃,多云,北风 3-4级
2013-03-03,17℃,6℃,多云,北风 小于3级
2013-03-04,19℃,7℃,多云,南风 小于3级
2013-03-05,20℃,7℃,晴,南风 小于3级
2013-03-06,21℃,9℃,多云,南风 小于3级
2013-03-07,24℃,9℃,多云转晴,南风 小于3级
2013-03-08,25℃,11℃,晴转多云,南风 小于3级
2013-03-09,26℃,10℃,多云,南风 小于3级
2013-03-10,25℃,10℃,多云,南风 小于3级
2013-04-01,25℃,15℃,阵雨转多云,南风 小于3级
2013-04-02,23℃,15℃,小雨,南风 小于3级
2013-04-03,24℃,14℃,阴,南风 小于3级
2013-04-04,24℃,15℃,多云,南风 小于3级
2013-04-05,18℃,12℃,中雨转阵雨,南风~北风 小于3级~3-4级
2013-04-06,21℃,9℃,阴转多云,南风 小于3级
2013-04-07,21℃,9℃,多云,南风 小于3级
2013-04-08,22℃,10℃,多云,南风 小于3级
2013-04-09,19℃,13℃,阵雨转阴,微风 小于3级
2013-04-10,19℃,12℃,阵雨,南风 小于3级
2013-05-01,25℃,18℃,阵雨,南风 小于3级
2013-05-02,24℃,17℃,小雨,微风 小于3级
2013-05-03,27℃,16℃,阵雨,微风 小于3级
2013-05-04,24℃,17℃,多云转阵雨,南风 小于3级
2013-05-05,24℃,16℃,小雨转阴,南风 小于3级
2013-05-06,23℃,16℃,小雨,微风 小于3级
2013-05-07,23℃,16℃,阴转小雨,微风 小于3级
2013-05-08,23℃,16℃,雷阵雨转阵雨,北风 3-4级
2013-05-09,23℃,16℃,中雨,微风 小于3级
2013-05-10,28℃,16℃,阴转多云,微风 小于3级
2013-06-01,30℃,18℃,多云,南风 小于3级
2013-06-02,32℃,18℃,多云,南风 小于3级
2013-06-03,32℃,20℃,晴,南风 小于3级
2013-06-04,34℃,21℃,多云,南风 小于3级
2013-06-05,29℃,20℃,阴转阵雨,微风 小于3级
2013-06-06,31℃,21℃,阵雨转多云,微风~南风 小于3级
2013-06-07,31℃,22℃,多云,南风 小于3级
2013-06-08,29℃,21℃,多云转中雨,南风 小于3级
2013-06-09,28℃,19℃,阵雨转多云,微风~南风 小于3级
2013-06-10,31℃,18℃,多云,南风 小于3级
2013-07-01,27℃,23℃,中雨,北风 3-4级
2013-07-02,29℃,23℃,中雨转多云,南风 小于3级
2013-07-03,32℃,24℃,阵雨,南风 小于3级
2013-07-04,30℃,24℃,阵雨,南风~北风 小于3级~3-4级
2013-07-05,31℃,23℃,阵雨转多云,北风 3-4级
2013-07-06,32℃,24℃,多云,南风 小于3级
2013-07-07,33℃,24℃,多云,南风 小于3级
2013-07-08,31℃,24℃,中雨,南风 小于3级
2013-07-09,28℃,23℃,大雨,北风 3-4级
2013-07-10,26℃,23℃,大雨,北风 3-4级
2013-08-01,32℃,24℃,中雨转多云,微风 小于3级
2013-08-02,33℃,24℃,多云,南风 小于3级
2013-08-03,33℃,23℃,多云,南风 小于3级
2013-08-04,34℃,25℃,多云,南风 小于3级
2013-08-05,33℃,24℃,多云,南风 小于3级
2013-08-06,33℃,24℃,阵雨,南风 小于3级
2013-08-07,30℃,24℃,大雨,微风 小于3级
2013-08-08,28℃,21℃,中雨转阴,北风 小于3级
2013-08-09,30℃,22℃,多云,南风 小于3级
2013-08-10,30℃,21℃,多云,南风 小于3级
2013-09-01,27℃,20℃,阵雨转多云,南风 小于3级
2013-09-02,23℃,19℃,中雨,北风 3-4级
2013-09-03,23℃,19℃,阵雨转阴,微风 小于3级
2013-09-04,23℃,19℃,中雨,微风 小于3级
2013-09-05,22℃,18℃,阵雨,微风 小于3级
2013-09-06,23℃,18℃,阵雨转阴,微风 小于3级
2013-09-07,23℃,18℃,阵雨转阴,微风 小于3级
2013-09-08,23℃,17℃,中雨,微风 小于3级
2013-09-09,26℃,18℃,阵雨转阴,微风 小于3级
2013-09-10,27℃,19℃,多云,微风 小于3级
2013-10-01,25℃,15℃,阴转多云,南风 小于3级
2013-10-02,24℃,17℃,阴,微风 小于3级
2013-10-03,24℃,17℃,阵雨,东南风 小于3级
2013-10-04,22℃,16℃,阵雨,微风 小于3级
2013-10-05,23℃,17℃,阵雨,微风 小于3级
2013-10-06,24℃,17℃,多云,东南风 小于3级
2013-10-07,27℃,16℃,多云,南风 小于3级
2013-10-08,28℃,16℃,多云,南风 小于3级
2013-10-09,30℃,16℃,多云,南风 小于3级
2013-10-10,30℃,16℃,晴,南风 小于3级
2013-11-01,18℃,12℃,阴转阵雨,微风 小于3级
2013-11-02,20℃,13℃,阵雨转多云,微风 小于3级
2013-11-03,17℃,13℃,小雨,微风 小于3级
2013-11-04,18℃,13℃,阵雨转阴,微风 小于3级
2013-11-05,19℃,13℃,阵雨转多云,微风 小于3级
2013-11-06,20℃,13℃,阴转多云,南风 小于3级
2013-11-07,18℃,13℃,阴,微风 小于3级
2013-11-08,17℃,12℃,阴转多云,微风 小于3级
2013-11-09,19℃,13℃,阴,南风 小于3级
2013-11-10,16℃,13℃,阵雨,南风~微风 小于3级
2013-12-01,15℃,4℃,多云,南风 小于3级
2013-12-02,15℃,4℃,多云,南风 小于3级
2013-12-03,17℃,3℃,多云转晴,南风 小于3级
2013-12-04,15℃,3℃,多云,南风 小于3级
2013-12-05,17℃,4℃,阴转多云,南风 小于3级
2013-12-06,17℃,4℃,多云,南风 小于3级
2013-12-07,15℃,2℃,多云,东风 小于3级
2013-12-08,13℃,5℃,阴转阵雨,微风 小于3级
2013-12-09,14℃,4℃,多云,微风 小于3级
2013-12-10,13℃,4℃,阴转多云,微风 小于3级
2014-01-01,9℃,0℃,阴转多云,南风 小于3级
2014-01-02,8℃,2℃,阴转多云,微风 小于3级
2014-01-03,11℃,0℃,多云,微风 小于3级
2014-01-04,13℃,-2℃,多云,南风 小于3级
2014-01-05,11℃,3℃,多云转阴,南风 小于3级
2014-01-06,9℃,3℃,阴转小雨,南风~微风 小于3级
2014-01-07,9℃,4℃,小雨转阴,微风 小于3级
2014-01-08,10℃,2℃,阴转多云,微风 小于3级
2014-01-09,9℃,2℃,多云转阴,南风 小于3级
2014-01-10,8℃,3℃,阴,南风 小于3级
2014-02-01,16℃,4℃,多云,南风 小于3级
2014-02-02,18℃,5℃,多云转晴,南风 小于3级
2014-02-03,18℃,5℃,多云转晴,南风 小于3级
2014-02-04,15℃,10℃,多云转阴,南风 小于3级
2014-02-05,13℃,9℃,阴转小雨,微风 小于3级
2014-02-06,10℃,6℃,小雨转阴,微风 小于3级
2014-02-07,9℃,3℃,阴转多云,微风 小于3级
2014-02-08,7℃,3℃,小雨,微风 小于3级
2014-02-09,7℃,4℃,阴,微风 小于3级
2014-02-10,7℃,4℃,小雨,北风 小于3级
2014-03-01,12℃,6℃,阵雨转阴,东北风 小于3级
2014-03-02,12℃,7℃,阵雨,微风 小于3级
2014-03-03,11℃,7℃,阴,北风 小于3级
2014-03-04,15℃,5℃,阴转多云,微风 小于3级
2014-03-05,15℃,7℃,多云转阴,微风 小于3级
2014-03-06,11℃,8℃,小雨,微风 小于3级
2014-03-07,11℃,7℃,小雨,微风 小于3级
2014-03-08,13℃,7℃,阴转多云,北风~南风 小于3级
2014-03-09,16℃,7℃,阴转多云,南风 小于3级
2014-03-10,16℃,8℃,多云,南风 小于3级
2014-04-01,19℃,12℃,小雨转阴,微风 小于3级
2014-04-02,20℃,10℃,阴,微风 小于3级
2014-04-03,23℃,12℃,多云,微风 小于3级
2014-04-04,21℃,13℃,阴,微风 小于3级
2014-04-05,17℃,12℃,小雨,微风 小于3级
2014-04-06,22℃,11℃,小雨转多云,微风 小于3级
2014-04-07,22℃,13℃,阴转多云,南风 小于3级
2014-04-08,22℃,14℃,阴转多云,南风 小于3级
2014-04-09,22℃,14℃,小雨转阴,南风 小于3级
2014-04-10,24℃,15℃,阴,南风 小于3级
2014-05-01,25℃,14℃,多云转阴,南风~微风 小于3级
2014-05-02,22℃,15℃,阵雨转阴,北风~微风 3-4级~小于3级
2014-05-03,22℃,15℃,阵雨,南风 小于3级
2014-05-04,25℃,14℃,阵雨转多云,微风~南风 小于3级
2014-05-05,26℃,14℃,多云,南风 小于3级
2014-05-06,27℃,15℃,多云,南风 小于3级
2014-05-07,28℃,14℃,多云,南风 小于3级
2014-05-08,24℃,15℃,多云转阵雨,南风 小于3级
2014-05-09,25℃,16℃,阵雨,南风 小于3级
2014-05-10,24℃,16℃,阵雨,微风 小于3级
2014-06-01,32℃,23℃,多云,南风 小于3级
2014-06-02,32℃,24℃,多云,南风 小于3级
2014-06-03,28℃,22℃,阵雨,南风 小于3级
2014-06-04,27℃,23℃,中雨转阵雨,微风 小于3级
2014-06-05,28℃,22℃,阵雨,微风 小于3级
2014-06-06,29℃,21℃,阵雨转阴,微风 小于3级
2014-06-07,31℃,21℃,阵雨转多云,微风 小于3级
2014-06-08,32℃,20℃,多云转阵雨,北风 小于3级
2014-06-09,32℃,20℃,多云转阵雨,北风 小于3级
2014-06-10,19℃,24℃,阵雨,东南风 北风小于3级
2014-07-01,29℃,20℃,阵雨转多云,西南风 南风小于3级
2014-07-02,28℃,22℃,阵雨转多云,北风 南风小于3级
2014-07-03,22℃,31℃,多云,东北风 南风小于3级
2014-07-04,21℃,32℃,多云,北风 南风小于3级
2014-07-05,28℃,24℃,阵雨,北风 南风小于3级
2014-07-06,28℃,23℃,阵雨,东风 北风小于3级
2014-07-07,23℃,29℃,阵雨,西南风 北风小于3级
2014-07-08,28℃,24℃,中雨,东北风 微风
2014-07-09,26℃,21℃,大雨转阵雨,东北风 北风3-4级
2014-07-10,27℃,21℃,阵雨转阴,西风 微风
2014-08-01,32℃,23℃,大雨转阵雨,微风 小于3级
2014-08-02,32℃,24℃,多云,南风 小于3级
2014-08-03,34℃,24℃,多云,南风 小于3级
2014-08-04,33℃,24℃,阵雨转多云,南风 小于3级
2014-08-05,32℃,23℃,阵雨转多云,南风 小于3级
2014-08-06,33℃,23℃,阵雨转多云,南风 小于3级
2014-08-07,30℃,23℃,大雨转阵雨,北风~微风 3-4级~小于3级
2014-08-08,29℃,23℃,中雨转阵雨,南风 小于3级
2014-08-09,26℃,22℃,大雨转阵雨,北风 3-4级
2014-08-10,27℃,22℃,阵雨,微风 小于3级
2014-09-01,26℃,21℃,中雨,北风 3-4级
2014-09-02,27℃,21℃,阵雨转阴,微风 小于3级
2014-09-03,27℃,19℃,阴转多云,微风 小于3级
2014-09-04,28℃,17℃,阴转多云,南风 小于3级
2014-09-05,28℃,18℃,多云,南风 小于3级
2014-09-06,27℃,21℃,阵雨转多云,南风 小于3级
2014-09-07,28℃,21℃,小雨转阴,南风 小于3级
2014-09-08,28℃,22℃,阵雨转阴,南风 小于3级
2014-09-09,26℃,21℃,中雨,南风~微风 小于3级
2014-09-10,28℃,22℃,阵雨转阴,微风 小于3级
2014-10-01,26℃,19℃,小雨转阴,微风 小于3级
2014-10-02,29℃,18℃,多云,南风 小于3级
2014-10-03,28℃,19℃,多云,南风 小于3级
2014-10-04,28℃,19℃,阵雨转多云,微风 小于3级
2014-10-05,29℃,16℃,多云,南风 小于3级
2014-10-06,26℃,15℃,多云,南风 小于3级
2014-10-07,26℃,17℃,多云,南风 小于3级
2014-10-08,26℃,18℃,阴,南风 小于3级
2014-10-09,25℃,19℃,阵雨转阴,微风 小于3级
2014-10-10,23℃,17℃,阵雨转阴,微风 小于3级
2014-11-01,17℃,13℃,小雨,微风 小于3级
2014-11-02,16℃,12℃,阵雨转多云,微风 小于3级
2014-11-03,18℃,7℃,多云,南风 小于3级
2014-11-04,17℃,9℃,多云转阴,南风 小于3级
2014-11-05,19℃,9℃,多云,南风 小于3级
2014-11-06,18℃,12℃,多云转阴,南风 小于3级
2014-11-07,18℃,12℃,阵雨转阴,微风 小于3级
2014-11-08,15℃,10℃,阵雨转阴,微风 小于3级
2014-11-09,15℃,10℃,阵雨转阴,微风 小于3级
2014-11-10,15℃,10℃,阵雨转阴,微风 小于3级
2014-12-01,12℃,8℃,阴,南风 小于3级
2014-12-02,13℃,7℃,阴,微风 小于3级
2014-12-03,13℃,9℃,阵雨,微风 小于3级
2014-12-04,13℃,4℃,多云,微风 小于3级
2014-12-05,13℃,7℃,多云,微风 小于3级
2014-12-06,11℃,8℃,阴转小雨,微风 小于3级
2014-12-07,13℃,6℃,阴转多云,微风 小于3级
2014-12-08,13℃,4℃,多云,微风 小于3级
2014-12-09,8℃,6℃,小雨,微风 小于3级
2014-12-10,8℃,4℃,小雨转阴,微风 小于3级
2015-01-01,12℃,4℃,多云,南风 小于3级
2015-01-02,10℃,5℃,阴,南风 小于3级
2015-01-03,11℃,3℃,多云,南风 小于3级
2015-01-04,9℃,1℃,阴,南风 小于3级
2015-01-05,9℃,5℃,阴转小雨,微风 小于3级
2015-01-06,11℃,2℃,阴转多云,微风~南风 小于3级
2015-01-07,9℃,3℃,多云转阴,微风 小于3级
2015-01-08,11℃,5℃,小雨转阴,微风 小于3级
2015-01-09,12℃,2℃,多云,南风 小于3级
2015-01-10,12℃,2℃,多云,微风 小于3级
2015-02-01,5℃,2℃,阴,微风 小于3级
2015-02-02,10℃,2℃,阴,微风 小于3级
2015-02-03,10℃,2℃,多云,微风 小于3级
2015-02-04,11℃,2℃,多云,微风 小于3级
2015-02-05,11℃,2℃,多云,南风 小于3级
2015-02-06,11℃,2℃,多云,南风 小于3级
2015-02-07,13℃,4℃,阴转多云,南风 小于3级
2015-02-08,11℃,0℃,多云,南风 小于3级
2015-02-09,11℃,4℃,阴,南风 小于3级
2015-02-10,11℃,4℃,阴,南风 小于3级
2015-03-01,14℃,2℃,阴转多云,南风 小于3级
2015-03-02,13℃,4℃,多云,南风 小于3级
2015-03-03,12℃,5℃,阴,微风 小于3级
2015-03-04,10℃,6℃,小雨,微风 小于3级
2015-03-05,10℃,4℃,小雨转阴,微风 小于3级
2015-03-06,12℃,3℃,阴,南风 小于3级
2015-03-07,14℃,6℃,阴转多云,南风 小于3级
2015-03-08,17℃,7℃,阴转多云,南风 小于3级
2015-03-09,20℃,7℃,晴,南风 小于3级
2015-03-10,15℃,8℃,小雨,微风 小于3级
2015-04-01,26℃,18℃,小雨转阴,微风 小于3级
2015-04-02,30℃,18℃,阵雨转多云,微风 小于3级
2015-04-03,27℃,18℃,多云,南风 小于3级
2015-04-04,26℃,17℃,阵雨转多云,南风 小于3级
2015-04-05,21℃,16℃,小雨,北风 小于3级
2015-04-06,16℃,12℃,小雨,微风 小于3级
2015-04-07,17℃,11℃,小雨,微风 小于3级
2015-04-08,17℃,10℃,多云转阵雨,微风 小于3级
2015-04-09,18℃,9℃,小雨转阴,微风 小于3级
2015-04-10,17℃,10℃,小雨,微风 小于3级
2015-05-01,26℃,18℃,中雨转阴,微风 小于3级
2015-05-02,30℃,16℃,多云,南风 小于3级
2015-05-03,27℃,17℃,多云,南风 小于3级
2015-05-04,25℃,18℃,阵雨转阴,微风 小于3级
2015-05-05,25℃,15℃,阵雨转阴,微风 小于3级
2015-05-06,28℃,16℃,阴转多云,微风 小于3级
2015-05-07,30℃,18℃,多云转阵雨,南风 小于3级
2015-05-08,30℃,17℃,多云,南风 小于3级
2015-05-09,32℃,18℃,晴~多云,南风 小于3级
2015-05-10,30℃,17℃,多云,南风 小于3级
2015-06-01,32℃,22℃,多云,南风 小于3级
2015-06-02,31℃,22℃,多云,南风 小于3级
2015-06-03,29℃,20℃,多云~小到中雨,南风 小于3级
2015-06-04,27℃,20℃,阵雨~多云,南风 小于3级
2015-06-05,31℃,20℃,多云,南风 小于3级
2015-06-06,29℃,19℃,多云~小雨,南风 小于3级
2015-06-07,30℃,20℃,多云,南风 小于3级
2015-06-08,32℃,21℃,多云,南风 小于3级
2015-06-09,32℃,23℃,多云,南风 小于3级
2015-06-10,32℃,24℃,多云,南风 小于3级
2015-07-01,32℃,23℃,多云~阵雨,南风 小于3级
2015-07-02,29℃,21℃,阵雨~小到中雨,南风 小于3级
2015-07-03,26℃,19℃,中雨,南风 小于3级
2015-07-04,24℃,19℃,小到中雨~阵雨,南风 小于3级
2015-07-05,28℃,20℃,多云,南风 小于3级
2015-07-06,30℃,21℃,多云~阴,南风 小于3级
2015-07-07,30℃,21℃,多云,南风 小于3级
2015-07-08,30℃,21℃,阴~中雨,南风 小于3级
2015-07-09,28℃,20℃,中雨~多云,南风 小于3级
2015-07-10,32℃,22℃,多云,南风 小于3级
2015-08-01,34℃,24℃,阵雨,南风 小于3级
2015-08-02,35℃,24℃,多云~阵雨,南风 小于3级
2015-08-03,35℃,24℃,雷阵雨,南风 小于3级
2015-08-04,31℃,23℃,雷阵雨~阵雨,南风 小于3级
2015-08-05,34℃,22℃,多云,南风 小于3级
2015-08-06,35℃,22℃,多云,南风 小于3级
2015-08-07,29℃,22℃,阵雨~中雨,南风 小于3级
2015-08-08,24℃,20℃,中雨~阵雨,南风 小于3级
2015-08-09,31℃,22℃,多云,南风 小于3级
2015-08-10,31℃,22℃,多云,南风 小于3级
2015-09-01,29℃,20℃,阴,南风 小于3级
2015-09-02,27℃,21℃,大雨,南风 小于3级
2015-09-03,26℃,22℃,小雨,南风 小于3级
2015-09-04,29℃,21℃,小雨,南风 小于3级
2015-09-05,32℃,20℃,阴~多云,南风 小于3级
2015-09-06,31℃,21℃,多云,南风 小于3级
2015-09-07,29℃,20℃,阴~小雨,南风 小于3级
2015-09-08,24℃,21℃,小雨~中雨,南风 小于3级
2015-09-09,24℃,20℃,大雨~中雨,南风 小于3级
2015-09-10,25℃,20℃,小雨~大雨,南风 小于3级
2015-10-01,24℃,15℃,多云,南风 小于3级
2015-10-02,24℃,17℃,多云~小雨,南风 小于3级
2015-10-03,22℃,17℃,阴,南风 小于3级
2015-10-04,22℃,16℃,多云~阴,南风 小于3级
2015-10-05,23℃,15℃,多云,南风 小于3级
2015-10-06,24℃,15℃,阴,南风 小于3级
2015-10-07,27℃,17℃,小雨,南风 小于3级
2015-10-08,25℃,17℃,多云~小雨,南风 小于3级
2015-10-09,23℃,14℃,小雨~阴,南风 小于3级
2015-10-10,26℃,14℃,多云~阴,南风 小于3级
2015-11-01,19℃,12℃,多云~阴,南风 小于3级
2015-11-02,18℃,12℃,阴~小雨,南风 小于3级
2015-11-03,18℃,13℃,阴,南风 小于3级
2015-11-04,17℃,13℃,阴~小雨,南风 小于3级
2015-11-05,20℃,14℃,阴~多云,南风 小于3级
2015-11-06,21℃,14℃,多云~阴,南风 小于3级
2015-11-07,21℃,14℃,晴~小雨,南风 小于3级
2015-11-08,22℃,13℃,多云~阴,南风 小于3级
2015-11-09,19℃,11℃,阴,南风 小于3级
2015-11-10,18℃,14℃,阴~小雨,南风 小于3级
2015-12-01,16℃,9℃,多云~阴,南风 小于3级
2015-12-02,16℃,9℃,多云~阴,南风 小于3级
2015-12-03,13℃,10℃,小雨,南风 小于3级
2015-12-04,11℃,8℃,小雨,南风 小于3级
2015-12-05,13℃,7℃,多云,南风 小于3级
2015-12-06,14℃,7℃,多云,南风 小于3级
2015-12-07,13℃,9℃,阴,南风 小于3级
2015-12-08,12℃,7℃,小雨,南风 小于3级
2015-12-09,14℃,8℃,阴,南风 小于3级
2015-12-10,14℃,9℃,小雨,南风 小于3级
2016-01-01,13℃,3℃,多云~晴,南风 小于3级
2016-01-02,14℃,6℃,晴~多云,南风 小于3级
2016-01-03,11℃,4℃,阴~多云,南风 小于3级
2016-01-04,15℃,4℃,晴,南风 小于3级
2016-01-05,13℃,7℃,晴~阴,南风 小于3级
2016-01-06,11℃,6℃,小雨,南风 小于3级
2016-01-07,13℃,3℃,晴~多云,南风 小于3级
2016-01-08,8℃,4℃,阴~小雨,南风 小于3级
2016-01-09,8℃,4℃,小雨~阴,南风 小于3级
2016-01-10,10℃,4℃,小雨~阴,南风 小于3级
2016-02-01,7℃,1℃,阴,南风 小于3级
2016-02-02,9℃,2℃,阴,南风 小于3级
2016-02-03,7℃,3℃,小雨,南风 小于3级
2016-02-04,12℃,4℃,晴~多云,南风 小于3级
2016-02-05,11℃,2℃,多云,南风 小于3级
2016-02-06,12℃,0℃,多云,南风 小于3级
2016-02-07,14℃,3℃,晴~多云,南风 小于3级
2016-02-08,14℃,4℃,晴~多云,南风 小于3级
2016-02-09,15℃,4℃,多云,南风 小于3级
2016-02-10,16℃,5℃,晴~多云,南风 小于3级
2016-03-01,20℃,7℃,多云~阴,南风 小于3级
2016-03-02,21℃,8℃,多云,南风 小于3级
2016-03-03,23℃,11℃,晴~多云,南风 小于3级
2016-03-04,22℃,8℃,阴~多云,南风 小于3级
2016-03-05,22℃,11℃,多云,南风 小于3级
2016-03-06,24℃,13℃,晴~多云,南风 小于3级
2016-03-07,22℃,13℃,阴,南风 小于3级
2016-03-08,19℃,8℃,小雨,南风 小于3级
2016-03-09,15℃,7℃,小雨,南风 小于3级
2016-03-10,12℃,4℃,多云~阴,南风 小于3级
2016-04-01,24℃,13℃,多云~阴,南风 小于3级
2016-04-02,23℃,12℃,多云,南风 小于3级
2016-04-03,28℃,16℃,晴~多云,南风 小于3级
2016-04-04,27℃,16℃,阴~小雨,南风 小于3级
2016-04-05,24℃,17℃,小雨,南风 小于3级
2016-04-06,22℃,15℃,小雨~阴,南风 小于3级
2016-04-07,26℃,14℃,多云~小雨,南风 小于3级
2016-04-08,23℃,16℃,阴~小雨,南风 小于3级
2016-04-09,20℃,14℃,小雨~阴,南风 小于3级
2016-04-10,25℃,15℃,多云~阴,南风 小于3级
2016-05-01,29℃,17℃,多云~阴,南风 小于3级
2016-05-02,29℃,17℃,多云,南风 小于3级
2016-05-03,31℃,18℃,晴~多云,南风 小于3级
2016-05-04,32℃,19℃,多云~晴,南风 小于3级
2016-05-05,29℃,20℃,小雨~中雨,南风 小于3级
2016-05-06,27℃,20℃,中雨~大雨,南风 小于3级
2016-05-07,24℃,17℃,小雨,南风 小于3级
2016-05-08,26℃,16℃,多云~小雨,南风 小于3级
2016-05-09,29℃,17℃,多云,南风 小于3级
2016-05-10,31℃,18℃,晴,南风 小于3级
2016-06-01,29℃,23℃,小雨~中雨,南风 小于3级
2016-06-02,30℃,21℃,小雨~中雨,南风 小于3级
2016-06-03,29℃,18℃,小雨~阴,南风 小于3级
2016-06-04,31℃,20℃,多云~晴,南风 小于3级
2016-06-05,29℃,20℃,晴,暂无实况 
2016-06-06,32℃,20℃,晴,南风 小于3级
2016-06-07,29℃,20℃,多云~小雨,南风 小于3级
2016-06-08,29℃,21℃,阴~中雨,南风 小于3级
2016-06-09,28℃,18℃,阵雨~小雨,南风 小于3级
2016-06-10,27℃,18℃,中雨~小雨,南风 小于3级
2016-07-01,33℃,23℃,多云,南风 小于3级
2016-07-02,33℃,22℃,多云~阴,南风 小于3级
2016-07-03,30℃,21℃,小雨~阴,南风 小于3级
2016-07-04,31℃,23℃,小雨~中雨,南风 小于3级
2016-07-05,27℃,22℃,中到大雨~暴雨,南风 小于3级
2016-07-06,25℃,21℃,中雨~大雨,南风 小于3级
2016-07-07,27℃,23℃,小雨~中雨,南风 小于3级
2016-07-08,30℃,23℃,阵雨~中雨,南风 小于3级
2016-07-09,28℃,23℃,中雨~小雨,南风 小于3级
2016-07-10,32℃,24℃,小雨,南风 小于3级
2016-08-01,33℃,23℃,小雨,南风 小于3级
2016-08-02,32℃,22℃,多云,南风 小于3级
2016-08-03,30℃,22℃,小雨,东南风 1级
2016-08-04,32℃,21℃,多云,南风 1级
2016-08-05,31℃,22℃,小雨,东北风 1级
2016-08-06,32℃,23℃,小雨,东北风 1级
2016-08-07,31℃,22℃,小雨,东风 1级
2016-08-08,30℃,22℃,阵雨,西风 1级
2016-08-09,32℃,22℃,小雨,西北风 1级
2016-08-10,31℃,22℃,多云,东北风 1级
2016-09-01,29℃,17℃,阴,东北风 1级
2016-09-02,30℃,20℃,多云,东南风 1级
2016-09-03,27℃,20℃,小雨,西南风 1级
2016-09-04,24℃,20℃,阴,南风 1级
2016-09-05,22℃,19℃,小雨,东北风 1级
2016-09-06,27℃,19℃,阴,西南风 1级
2016-09-07,25℃,20℃,阴,东风 1级
2016-09-08,25℃,19℃,多云,西南风 1级
2016-09-09,29℃,20℃,多云,南风 1级
2016-09-10,29℃,18℃,多云,东北风 1级
2016-10-01,30℃,19℃,多云,东北风 1级
2016-10-02,32℃,19℃,晴,东北风 1级
2016-10-03,29℃,20℃,多云,东风 1级
2016-10-04,27℃,18℃,小雨,北风 2级
2016-10-05,23℃,18℃,阴,东南风 1级
2016-10-06,24℃,19℃,小雨,东风 1级
2016-10-07,22℃,18℃,小雨,西南风 1级
2016-10-08,20℃,14℃,小雨,东风 1级
2016-10-09,19℃,15℃,小雨,西北风 1级
2016-10-10,18℃,14℃,小雨,北风 1级
2016-11-01,17℃,12℃,阴,东南风 1级
2016-11-02,19℃,12℃,阴,南风 1级
2016-11-03,19℃,11℃,多云,东风 1级
2016-11-04,20℃,12℃,多云,南风 1级
2016-11-05,20℃,14℃,多云,东北风 1级
2016-11-06,19℃,12℃,小雨,北风 1级
2016-11-07,13℃,9℃,小雨,西南风 1级
2016-11-08,12℃,8℃,小雨,南风 1级
2016-11-09,13℃,7℃,小雨,西南风 1级
2016-11-10,15℃,8℃,晴,东北风 1级
2016-12-01,14℃,8℃,阴,北风 1级
2016-12-02,11℃,8℃,阴,东北风 1级
2016-12-03,12℃,4℃,多云,东风 1级
2016-12-04,16℃,5℃,晴,东北风 1级
2016-12-05,15℃,3℃,晴,南风 1级
2016-12-06,16℃,2℃,晴,西北风 1级
2016-12-07,15℃,2℃,晴,东南风 1级
2016-12-08,15℃,6℃,晴,东北风 1级
2016-12-09,14℃,7℃,阴,北风 1级
2016-12-10,15℃,3℃,多云,东北风 2级
2017-01-01,12℃,5℃,阴,东北风 1级
2017-01-02,13℃,2℃,晴,东北风 1级
2017-01-03,12℃,5℃,阴,东北风 1级
2017-01-04,12℃,7℃,阴,西南风 1级
2017-01-05,14℃,5℃,晴,东北风 1级
2017-01-06,11℃,6℃,阴,北风 1级
2017-01-07,11℃,6℃,多云,东北风 1级
2017-01-08,12℃,7℃,阴,东北风 1级
2017-01-09,10℃,7℃,阵雨,西北风 2级
2017-01-10,8℃,3℃,小雨,东北风 1级
2017-02-01,9℃,5℃,阴,北风 1级
2017-02-02,10℃,4℃,小雨,东北风 1级
2017-02-03,12℃,4℃,多云,东风 1级
2017-02-04,12℃,6℃,晴,北风 1级
2017-02-05,13℃,6℃,多云,东北风 1级
2017-02-06,10℃,6℃,阴,北风 1级
2017-02-07,8℃,4℃,小雨,北风 1级
2017-02-08,12℃,3℃,多云,北风 1级
2017-02-09,10℃,5℃,多云,东风 1级
2017-02-10,10℃,5℃,小雨,东北风 1级
2017-03-01,16℃,6℃,多云,南风 2级
2017-03-02,14℃,7℃,阴,东北风 2级
2017-03-03,13℃,7℃,多云,东北风 2级
2017-03-06,13℃,7℃,阴,东北风 2级
2017-03-07,14℃,6℃,阴,东北风 1级
2017-03-08,15℃,6℃,多云,东北风 1级
2017-03-09,14℃,7℃,小雨,北风 2级
2017-03-10,14℃,8℃,阴,北风 1级
2017-03-11,16℃,9℃,阴,东北风 1级
2017-03-12,13℃,8℃,阴,北风 2级
2017-04-01,21℃,13℃,阴,东北风 2级
2017-04-02,18℃,12℃,小雨,东北风 2级
2017-04-03,18℃,12℃,阴,东北风 1级
2017-04-04,22℃,12℃,阴,东南风 1级
2017-04-05,20℃,14℃,多云,东北风 2级
2017-04-06,23℃,13℃,晴,东北风 3级
2017-04-07,23℃,15℃,阴,北风 1级
2017-04-08,24℃,15℃,多云,东北风 3级
2017-04-09,23℃,14℃,小雨,北风 2级
2017-04-10,19℃,14℃,阴,西风 2级
2017-05-01,30℃,18℃,晴,南风 2级
2017-05-02,26℃,16℃,小雨,南风 2级
2017-05-03,23℃,15℃,阵雨,南风 2级
2017-05-04,27℃,14℃,晴,南风 2级
2017-05-05,20℃,13℃,小雨,南风 2级
2017-05-06,22℃,13℃,晴,南风 2级
2017-05-07,23℃,13℃,小雨,南风 2级
2017-05-08,27℃,16℃,多云,南风 3级
2017-05-09,26℃,17℃,多云,西南风 1级
2017-05-10,27℃,18℃,多云,东北风 2级
2017-06-01,30℃,20℃,小雨,南风 1级
2017-06-02,30℃,22℃,小雨,西南风 2级
2017-06-03,28℃,20℃,阴,东北风 2级
2017-06-04,27℃,18℃,小雨,西风 1级
2017-06-05,30℃,19℃,小雨,西南风 1级
2017-06-06,30℃,19℃,多云,南风 2级
2017-06-07,30℃,20℃,多云,东北风 2级
2017-06-08,27℃,20℃,阴,东风 2级
2017-06-09,28℃,21℃,阴,东风 2级
2017-06-10,28℃,19℃,小雨,东南风 1级
2017-07-01,33℃,23℃,多云,南风 1级
2017-07-02,35℃,23℃,小雨,南风 1级
2017-07-03,31℃,23℃,小雨,西南风 1级
2017-07-04,31℃,22℃,小雨,东北风 2级
2017-07-05,26℃,22℃,大雨,西北风 1级
2017-07-06,30℃,23℃,小雨,西风 1级
2017-07-07,33℃,23℃,多云,西风 1级
2017-07-08,32℃,23℃,阴,西风 1级
2017-07-09,35℃,21℃,阴,西风 1级
2017-07-10,34℃,24℃,晴,南风 1级
2017-08-01,31℃,25℃,小雨,北风 1级
2017-08-02,35℃,24℃,小雨,西南风 1级
2017-08-03,33℃,25℃,小雨,西南风 1级
2017-08-04,33℃,24℃,阵雨,西南风 1级
2017-08-05,34℃,25℃,晴,东风 1级
2017-08-06,33℃,24℃,小雨,东北风 1级
2017-08-07,28℃,21℃,中雨,北风 3级
2017-08-08,32℃,22℃,晴,南风 1级
2017-08-09,34℃,24℃,多云,东风 1级
2017-08-10,33℃,22℃,阴,东风 1级
2017-09-01,26℃,19℃,中雨,西风 1级
2017-09-02,26℃,19℃,阴,西南风 1级
2017-09-03,23℃,19℃,小雨,西南风 1级
2017-09-04,23℃,19℃,阴,东北风 1级
2017-09-05,25℃,19℃,小雨,南风 1级
2017-09-06,29℃,18℃,多云,西南风 1级
2017-09-07,29℃,20℃,多云,东南风 1级
2017-09-08,28℃,21℃,阴,东北风 1级
2017-09-09,27℃,21℃,阴,西北风 1级
2017-09-10,29℃,16℃,多云,东风 1级
2017-10-01,27℃,20℃,阴,西南风 1级
2017-10-02,26℃,18℃,小雨,东北风 1级
2017-10-03,20℃,15℃,阴,西北风 1级
2017-10-04,22℃,13℃,小雨,南风 1级
2017-10-05,22℃,15℃,小雨,东风 1级
2017-10-06,21℃,16℃,阴,西风 1级
2017-10-07,21℃,17℃,阴,东风 1级
2017-10-08,22℃,17℃,阴,东风 1级
2017-10-09,21℃,14℃,阴,西北风 1级
2017-10-10,16℃,13℃,小雨,西南风 1级
2017-11-01,21℃,14℃,多云,东风 1级
2017-11-02,21℃,13℃,多云,西南风 1级
2017-11-03,23℃,15℃,多云,北风 1级
2017-11-04,22℃,15℃,多云,北风 1级
2017-11-05,20℃,11℃,小雨,东南风 1级
2017-11-06,20℃,14℃,多云,北风 2级
2017-11-07,23℃,13℃,晴,西风 1级
2017-11-08,23℃,15℃,多云,北风 1级
2017-11-09,19℃,16℃,阴,北风 2级
2017-11-10,19℃,13℃,多云,西北风 2级
2017-12-01,12℃,8℃,多云,北风 2级
2017-12-02,12℃,7℃,阴,西北风 2级
2017-12-03,16℃,8℃,晴,西北风 2级
2017-12-04,15℃,4℃,多云,西北风 2级
2017-12-05,14℃,8℃,阴,西北风 2级
2017-12-06,14℃,6℃,阴,西北风 2级
2017-12-07,13℃,6℃,阴,北风 3级
2017-12-08,15℃,4℃,晴,西北风 3级
2017-12-09,14℃,2℃,晴,北风 2级
2017-12-10,16℃,3℃,晴,西北风 2级
2018-01-01,11℃,1℃,阴,西北风 2级
2018-01-02,12℃,3℃,阴,北风 2级
2018-01-03,8℃,3℃,阴,北风 2级
2018-01-04,8℃,2℃,阴,北风 2级
2018-01-05,6℃,2℃,阴,北风 2级
2018-01-06,8℃,3℃,多云,北风 2级
2018-01-07,9℃,0℃,多云,北风 3级
2018-01-08,8℃,0℃,多云,西北风 3级
2018-01-09,11℃,-3℃,晴,西风 2级
2018-01-10,12℃,-2℃,晴,西风 2级
2018-02-01,8℃,-2℃,多云,西北风 2级
2018-02-02,11℃,1℃,多云,西北风 2级
2018-02-03,9℃,0℃,多云,西北风 3级
2018-02-04,6℃,1℃,阴,北风 2级
2018-02-05,7℃,-1℃,多云,西北风 2级
2018-02-06,6℃,0℃,多云,西北风 2级
2018-02-07,9℃,2℃,多云,西北风 2级
2018-02-08,9℃,2℃,雨,西北风 2级
2018-02-09,10℃,2℃,雨,北风 2级
2018-02-10,10℃,3℃,阴,北风 2级
2018-03-01,24℃,12℃,晴,西北风 2级
2018-03-02,23℃,12℃,多云,北风 2级
2018-03-03,22℃,11℃,多云,东北风 2级
2018-03-04,17℃,14℃,阴,东北风 2级
2018-03-05,15℃,11℃,雨,北风 2级
2018-03-06,14℃,8℃,雨,北风 2级
2018-03-07,19℃,8℃,阴,北风 2级
2018-03-08,21℃,7℃,多云,西北风 1级
2018-03-09,23℃,7℃,多云,北风 2级
2018-03-10,19℃,9℃,阴,北风 2级
2018-04-01,27℃,14℃,多云,西南风 2级
2018-04-02,30℃,14℃,晴,南风 2级
2018-04-03,31℃,17℃,多云,东风 2级
2018-04-04,31℃,14℃,雨,东北风 2级
2018-04-05,20℃,12℃,阴,东北风 3级
2018-04-06,14℃,8℃,阴,东北风 2级
2018-04-07,21℃,8℃,多云,西南风 2级
2018-04-08,24℃,10℃,多云,西风 2级
2018-04-09,26℃,13℃,多云,北风 2级
2018-04-10,28℃,15℃,阴,北风 2级
2018-05-01,26℃,18℃,阴,西北风 2级
2018-05-02,29℃,21℃,阴,南风 2级
2018-05-03,27℃,17℃,阴,东风 1级
2018-05-04,27℃,17℃,雨,东风 2级
2018-05-05,24℃,17℃,雨,北风 2级
2018-05-06,27℃,15℃,雨,西风 2级
2018-05-07,27℃,15℃,多云,北风 2级
2018-05-08,24℃,19℃,阴,东北风 2级
2018-05-09,17℃,15℃,雨,东北风 3级
2018-05-10,19℃,15℃,雨,东北风 2级
2018-06-01,24℃,18℃,多云转小雨,北风 2级
2018-06-02,25℃,18℃,阴,西南风 1级
2018-06-03,23℃,18℃,小雨,北风 2级
2018-06-04,29℃,17℃,阴,西南风 2级
2018-06-05,32℃,18℃,多云,南风 2级
2018-06-06,33℃,18℃,多云,西南风 2级
2018-06-07,31℃,21℃,雨,东北风 2级
2018-06-08,26℃,17℃,多云,北风 2级
2018-06-09,28℃,17℃,多云,西风 2级
2018-06-10,31℃,17℃,多云,西南风 2级
2018-07-01,31℃,24℃,中雨,东风 1级
2018-07-02,25℃,22℃,中雨到大雨,东北风 3级
2018-07-03,27℃,22℃,多云,北风 2级
2018-07-04,28℃,22℃,阴,北风 2级
2018-07-05,31℃,22℃,小雨,北风 2级
2018-07-06,32℃,24℃,阴,北风 2级
2018-07-07,31℃,24℃,阴转小雨,北风 2级
2018-07-08,25℃,21℃,小雨到中雨,北风 2级
2018-07-09,23℃,20℃,阴转小雨,东北风 2级
2018-07-10,26℃,22℃,小雨到中雨,北风 2级
2018-08-01,28℃,22℃,中雨,东北风 1级
2018-08-02,28℃,22℃,雨,东北风 2级
2018-08-03,30℃,23℃,雨,北风 2级
2018-08-04,33℃,24℃,雨,东风 1级
2018-08-05,32℃,24℃,小雨到中雨,南风 1级
2018-08-06,34℃,24℃,小雨到中雨,南风 1级
2018-08-07,30℃,24℃,阴,东风 1级
2018-08-08,31℃,23℃,中雨到大雨,东北风 2级
2018-08-09,30℃,23℃,中雨,东北风 2级
2018-08-10,31℃,23℃,中雨,东北风 2级
2018-09-01,31℃,25℃,阴,东北风 2级
2018-09-02,34℃,24℃,多云,东北风 3级
2018-09-03,31℃,24℃,晴,北风 2级
2018-09-04,31℃,24℃,多云,东北风 1级
2018-09-05,26℃,21℃,多云,东北风 3级
2018-09-06,28℃,20℃,阴,西南风 2级
2018-09-07,27℃,19℃,多云,西南风 2级
2018-09-08,27℃,18℃,阴,南风 1级
2018-09-09,22℃,18℃,多云,东北风 2级
2018-09-10,21℃,17℃,阴,北风 1级
2018-10-01,22℃,16℃,阴,西风 2级
2018-10-02,19℃,13℃,阴,西北风 2级
2018-10-03,19℃,13℃,多云,西南风 1级
2018-10-04,22℃,13℃,晴,东风 1级
2018-10-05,21℃,15℃,阴,北风 1级
2018-10-06,21℃,15℃,小雨,东北风 2级
2018-10-07,20℃,15℃,多云,东北风 2级
2018-10-08,18℃,14℃,中雨,北风 2级
2018-10-09,24℃,13℃,晴,西风 2级
2018-10-10,24℃,12℃,多云,西南风 1级
2018-11-01,23℃,13℃,晴,东风 1级
2018-11-02,22℃,14℃,晴,东北风 1级
2018-11-03,21℃,14℃,晴,东北风 2级
2018-11-04,19℃,14℃,阴,东北风 2级
2018-11-05,16℃,11℃,小雨,北风 2级
2018-11-06,15℃,9℃,多云,西风 2级
2018-11-07,13℃,7℃,晴,西北风 2级
2018-11-08,16℃,5℃,晴,西风 2级
2018-11-09,15℃,8℃,多云,北风 2级
2018-11-10,18℃,9℃,晴,西北风 2级
2018-12-01,15℃,10℃,多云,东北风 1级
2018-12-02,15℃,10℃,多云,北风 2级
2018-12-03,15℃,7℃,多云,西北风 2级
2018-12-04,13℃,8℃,阴,北风 2级
2018-12-05,12℃,7℃,晴,北风 2级
2018-12-06,11℃,7℃,小雨,北风 3级
2018-12-07,7℃,3℃,多云,东北风 3级
2018-12-08,5℃,1℃,多云,北风 2级
2018-12-09,5℃,2℃,多云,北风 2级
2018-12-10,6℃,2℃,晴,西北风 2级
2019-01-01,5℃,1℃,多云,西北风 2级
2019-01-02,5℃,1℃,多云,西北风 2级
2019-01-03,5℃,0℃,多云,南风 1级
2019-01-04,9℃,2℃,多云,西北风 2级
2019-01-05,9℃,1℃,多云,西北风 2级
2019-01-06,7℃,3℃,多云,北风 2级
2019-01-07,11℃,4℃,晴,西北风 2级
2019-01-08,8℃,4℃,多云,西北风 2级
2019-01-09,7℃,3℃,多云,北风 2级
2019-01-10,8℃,3℃,晴,北风 2级
2019-02-01,9℃,5℃,多云,西北风 2级
2019-02-02,9℃,3℃,晴,西北风 2级
2019-02-03,14℃,4℃,晴,西北风 2级
2019-02-04,13℃,4℃,晴,西北风 2级
2019-02-05,16℃,6℃,晴,西北风 2级
2019-02-06,14℃,5℃,晴,北风 2级
2019-02-07,17℃,10℃,晴,西北风 2级
2019-02-08,12℃,8℃,多云,北风 3级
2019-02-09,8℃,4℃,阴,北风 3级
2019-02-10,8℃,2℃,小雨,北风 3级
2019-03-01,11℃,8℃,多云,北风 2级
2019-03-02,15℃,6℃,晴,西北风 2级
2019-03-03,16℃,6℃,阴,西北风 2级
2019-03-04,16℃,5℃,多云,北风 2级
2019-03-05,17℃,11℃,阴,西北风 2级
2019-03-06,15℃,10℃,小雨,东北风 2级
2019-03-07,11℃,8℃,小雨,东北风 3级
2019-03-08,10℃,7℃,多云,北风 2级
2019-03-09,17℃,6℃,晴,西风 2级
2019-03-10,19℃,9℃,晴,西北风 1级
2019-04-01,17℃,12℃,多云,东南风 2级
2019-04-02,20℃,12℃,多云,东北风 2级
2019-04-03,18℃,12℃,小雨,东北风 2级
2019-04-04,21℃,12℃,晴,西风 2级
2019-04-05,27℃,13℃,晴,西南风 2级
2019-04-06,28℃,14℃,晴,南风 1级
2019-04-07,29℃,16℃,晴,东北风 2级
2019-04-08,29℃,17℃,晴,北风 3级
2019-04-09,29℃,19℃,晴,东风 2级
2019-04-10,22℃,15℃,阴,东北风 3级
2019-05-01,25℃,16℃,阴转雨,北风 2级
2019-05-02,22℃,16℃,多云转雨,东北风 1级
2019-05-03,23℃,16℃,小雨转雨,北风 2级
2019-05-04,24℃,16℃,阴转雨,北风 2级
2019-05-05,22℃,17℃,多云转雨,北风 2级
2019-05-06,20℃,15℃,小雨到中雨,东北风 3级
2019-05-07,15℃,13℃,阴转雨,东北风 3级
2019-05-08,20℃,12℃,小雨到中雨,北风 2级
2019-05-09,25℃,15℃,晴转多云,西风 2级
2019-05-10,26℃,15℃,多云,西风 2级
2019-06-01,30℃,19℃,晴,西南风 2级
2019-06-02,31℃,18℃,晴转多云,南风 2级
2019-06-03,32℃,20℃,晴,南风 1级
2019-06-04,30℃,22℃,小雨转雨,东北风 2级
2019-06-05,32℃,20℃,晴转多云,东北风 2级
2019-06-06,30℃,23℃,晴转多云,西南风 2级
2019-06-07,28℃,21℃,阴,北风 1级
2019-06-08,28℃,21℃,阴,东北风 1级
2019-06-09,28℃,22℃,晴转多云,东南风 1级
2019-06-10,29℃,21℃,多云,东北风 2级
2019-07-01,33℃,23℃,晴转多云,东南风 2级
2019-07-02,31℃,22℃,晴转雨,东风 2级
2019-07-03,25℃,19℃,阴转雨,西风 2级
2019-07-04,26℃,20℃,晴转多云,西南风 2级
2019-07-05,31℃,20℃,晴转多云,南风 2级
2019-07-06,31℃,21℃,阴,南风 1级
2019-07-07,26℃,21℃,小雨转雨,南风 2级
2019-07-08,27℃,19℃,阴,东风 2级
2019-07-09,29℃,20℃,小雨到中雨,东南风 2级
2019-07-10,28℃,21℃,多云转雨,南风 2级
2019-08-01,31℃,22℃,多云转雨,东南风 1级
2019-08-02,30℃,22℃,多云转雨,东北风 2级
2019-08-03,30℃,23℃,多云转雨,东北风 2级
2019-08-04,31℃,23℃,多云转雨,东风 2级
2019-08-05,27℃,22℃,多云转雨,东北风 2级
2019-08-06,25℃,21℃,晴,北风 2级
2019-08-07,32℃,22℃,晴转多云,西南风 1级
2019-08-08,32℃,23℃,多云转雨,东北风 2级
2019-08-09,33℃,23℃,晴转多云,西风 2级
2019-08-10,32℃,23℃,晴,西南风 2级
2019-09-01,26℃,18℃,晴转多云,东南风 1级
2019-09-02,24℃,20℃,多云转雨,东北风 2级
2019-09-03,23℃,19℃,阴转雨,北风 2级
2019-09-04,24℃,19℃,多云,东北风 2级
2019-09-05,27℃,20℃,晴转多云,东风 2级
2019-09-06,27℃,21℃,多云转雨,东北风 2级
2019-09-07,25℃,21℃,多云,东北风 2级
2019-09-08,26℃,21℃,多云,东北风 3级
2019-09-09,27℃,21℃,多云转雨,东北风 2级
2019-09-10,25℃,21℃,多云转阴,东北风 3级
2019-10-01,24℃,19℃,晴转多云,东北风 2级
2019-10-02,24℃,19℃,阴,北风 2级
2019-10-03,23℃,19℃,多云,北风 2级
2019-10-04,25℃,19℃,晴转多云,北风 2级
2019-10-05,26℃,19℃,多云,东南风 2级
2019-10-06,22℃,18℃,晴转多云,东北风 2级
2019-10-07,22℃,17℃,小雨转阴,南风 1级
2019-10-08,21℃,15℃,多云,东风 2级
2019-10-09,20℃,16℃,晴转多云,东北风 2级
2019-10-10,22℃,17℃,晴转多云,南风 2级
2019-11-01,18℃,14℃,阴转雨,东北风 2级
2019-11-02,21℃,13℃,晴,东南风 2级
2019-11-03,21℃,15℃,多云,东南风 1级
2019-11-04,16℃,14℃,多云转雨,东北风 2级
2019-11-05,15℃,13℃,多云转雨,东风 2级
2019-11-06,17℃,12℃,晴,北风 2级
2019-11-07,19℃,13℃,多云,南风 1级
2019-11-08,18℃,13℃,阴,东南风 1级
2019-11-09,16℃,12℃,阴,东北风 1级
2019-11-10,20℃,13℃,晴转多云,南风 2级
2019-12-01,12℃,5℃,阴,西南风 1级
2019-12-02,12℃,5℃,多云,南风 2级
2019-12-03,12℃,6℃,多云,东南风 1级
2019-12-04,12℃,7℃,多云转阴,西南风 1级
2019-12-05,13℃,7℃,多云转晴,南风 2级
2019-12-06,12℃,7℃,多云,南风 1级
2019-12-07,12℃,5℃,阴转多云,东南风 2级
2019-12-08,13℃,6℃,阴转多云,西南风 1级
2019-12-09,15℃,7℃,霾转多云,南风 1级
2019-12-10,15℃,6℃,晴,东南风 1级
2020-01-01,11℃,6℃,多云转阴,东北风 1级
2020-01-02,12℃,6℃,多云,东北风 1级
2020-01-03,13℃,5℃,多云,西南风 1级
2020-01-04,11℃,7℃,阴,东风 1级
2020-01-05,11℃,7℃,阴,东北风 2级
2020-01-06,10℃,6℃,阴转多云,西南风 2级
2020-01-07,12℃,4℃,多云,南风 2级
2020-01-08,11℃,5℃,多云,东北风 1级
2020-01-09,9℃,6℃,阴转雨,东北风 1级
2020-01-10,9℃,3℃,阴转多云,东北风 2级
2020-02-01,10℃,5℃,多云转雨,东北风 1级
2020-02-02,11℃,6℃,阴,北风 2级
2020-02-03,12℃,5℃,多云,南风 2级
2020-02-04,11℃,6℃,阴,南风 1级
2020-02-05,10℃,6℃,多云转雨,北风 2级
2020-02-06,12℃,6℃,阴转多云,西南风 2级
2020-02-07,11℃,7℃,阴,东北风 2级
2020-02-08,12℃,6℃,多云,东北风 2级
2020-02-09,14℃,6℃,多云,南风 2级
2020-02-10,14℃,7℃,多云,南风 1级
2020-03-01,18℃,13℃,多云,东风 2级
2020-03-02,12℃,10℃,多云转雨,东北风 2级
2020-03-03,16℃,9℃,小雨转雨,西风 2级
2020-03-04,17℃,9℃,阴转多云,东南风 2级
2020-03-05,15℃,10℃,多云,东南风 2级
2020-03-06,16℃,9℃,多云,东风 1级
2020-03-07,19℃,12℃,多云,南风 2级
2020-03-08,19℃,12℃,阴,东北风 2级
2020-03-09,18℃,11℃,小雨转阴,西北风 2级
2020-03-10,18℃,8℃,阴,西南风 2级
2020-04-01,19℃,11℃,多云转阴,东北风 2级
2020-04-02,15℃,6℃,多云转雨,东北风 2级
2020-04-03,13℃,10℃,阴转雨,东北风 2级
2020-04-04,14℃,9℃,多云转阴,东风 2级
2020-04-05,16℃,10℃,阴,东风 2级
2020-04-06,17℃,10℃,多云,东南风 2级
2020-04-07,20℃,12℃,阴,东南风 2级
2020-04-08,24℃,12℃,晴,南风 2级
2020-04-09,24℃,13℃,多云,东风 2级
2020-04-10,23℃,13℃,中雨转雨,东北风 2级
2020-05-01,31℃,17℃,晴转多云,南风 2级
2020-05-02,34℃,19℃,晴,南风 2级
2020-05-03,36℃,22℃,多云,南风 2级
2020-05-04,31℃,21℃,多云,东风 2级
2020-05-05,31℃,21℃,多云,西北风 1级
2020-05-06,30℃,21℃,多云,东风 2级
2020-05-07,27℃,21℃,多云转阴,东北风 3级
2020-05-08,27℃,18℃,多云转阴,西南风 2级
2020-05-09,24℃,16℃,晴转多云,西风 2级
2020-05-10,28℃,14℃,多云转雨,南风 2级
2020-06-01,28℃,21℃,阴,东北风 2级
2020-06-02,25℃,20℃,阴,西风 2级
2020-06-03,30℃,19℃,阴,南风 2级
2020-06-04,29℃,19℃,多云,南风 2级
2020-06-05,33℃,19℃,多云,南风 2级
2020-06-06,32℃,21℃,多云,东南风 2级
2020-06-07,28℃,21℃,阴,东北风 2级
2020-06-08,25℃,21℃,阴,东北风 2级
2020-06-09,31℃,20℃,晴,南风 2级
2020-06-10,29℃,19℃,多云,东南风 2级
2020-07-01,28℃,23℃,多云,东北风 2级
2020-07-02,34℃,21℃,多云,南风 2级
2020-07-03,33℃,24℃,阴,东南风 2级
2020-07-04,27℃,23℃,阴,西风 2级
2020-07-05,29℃,23℃,阴,东风 2级
2020-07-06,30℃,23℃,阴,西南风 2级
2020-07-07,32℃,23℃,阴,东南风 2级
2020-07-08,32℃,25℃,阴,东南风 2级
2020-07-09,32℃,25℃,多云,南风 1级
2020-07-10,26℃,23℃,多云,东北风 2级
2020-08-01,29℃,23℃,阴,东北风 1级
2020-08-02,29℃,23℃,多云,东北风 1级
2020-08-03,32℃,23℃,多云,东南风 1级
2020-08-04,33℃,23℃,多云,东北风 2级
2020-08-05,33℃,26℃,阴,东北风 2级
2020-08-06,34℃,26℃,阴,东北风 2级
2020-08-07,28℃,25℃,阴,东北风 2级
2020-08-08,34℃,24℃,晴,南风 1级
2020-08-09,35℃,24℃,多云,东南风 1级
2020-08-10,34℃,25℃,多云,东风 1级
2020-09-01,28℃,21℃,多云,东北风 2级
2020-09-02,32℃,22℃,晴,北风 1级
2020-09-03,30℃,21℃,多云,东北风 1级
2020-09-04,28℃,22℃,晴,东风 1级
2020-09-05,24℃,20℃,阴,北风 2级
2020-09-06,30℃,20℃,晴,西南风 2级
2020-09-07,32℃,21℃,多云,南风 2级
2020-09-08,29℃,22℃,多云,西风 1级
2020-09-09,25℃,21℃,多云,东北风 2级
2020-09-10,28℃,21℃,阴,东北风 1级
2020-10-01,23℃,17℃,小雨,北风 2级
2020-10-02,22℃,17℃,阴,东北风 2级
2020-10-03,22℃,16℃,阴,西南风 1级
2020-10-04,20℃,13℃,阴,东南风 2级
2020-10-05,17℃,12℃,阴,东北风 2级
2020-10-06,17℃,13℃,阴,东北风 2级
2020-10-07,21℃,14℃,阴,南风 1级
2020-10-08,19℃,14℃,多云,东风 2级
2020-10-09,20℃,14℃,阴,东风 1级
2020-10-10,21℃,15℃,多云,东南风 1级
2020-11-01,19℃,12℃,多云,东南风 1级
2020-11-02,21℃,13℃,阴,东南风 2级
2020-11-03,17℃,12℃,阴,东风 2级
2020-11-04,15℃,11℃,阴,东北风 2级
2020-11-05,15℃,13℃,阴,北风 1级
2020-11-06,21℃,13℃,晴,南风 2级
2020-11-07,23℃,12℃,晴,东南风 1级
2020-11-08,23℃,14℃,阴,南风 1级
2020-11-09,23℃,13℃,多云,南风 2级
2020-11-10,21℃,15℃,多云,东南风 1级
2020-12-01,10℃,6℃,阴,东北风 2级
2020-12-02,10℃,5℃,阴,东北风 2级
2020-12-03,8℃,3℃,阴,东北风 3级
2020-12-04,7℃,3℃,阴,东北风 2级
2020-12-05,8℃,4℃,阴,东北风 1级
2020-12-06,9℃,6℃,阴,东北风 2级
2020-12-07,9℃,5℃,多云,东北风 1级
2020-12-08,12℃,5℃,阴,东南风 1级
2020-12-09,9℃,6℃,多云,东北风 2级
2020-12-10,11℃,6℃,阴,东风 2级
2021-01-01,9℃,2℃,阴,东南风 1级
2021-01-02,7℃,3℃,多云,东风 1级
2021-01-03,11℃,3℃,晴,南风 2级
2021-01-04,5℃,4℃,阴,东北风 1级
2021-01-05,10℃,3℃,阴,东北风 2级
2021-01-06,7℃,0℃,阴,东北风 2级
2021-01-07,4℃,0℃,雨夹雪,东北风 3级
2021-01-08,4℃,0℃,晴,南风 2级
2021-01-09,4℃,1℃,阴,南风 1级
2021-01-10,5℃,0℃,阴,东风 2级
2021-02-01,17℃,6℃,阴,南风 1级
2021-02-02,8℃,-1℃,晴,东南风 3级
2021-02-03,15℃,9℃,多云,北风 1级
2021-02-04,12℃,8℃,多云,东北风 2级
2021-02-05,18℃,6℃,晴,南风 2级
2021-02-06,17℃,6℃,多云,东风 2级
2021-02-07,20℃,6℃,晴,南风 2级
2021-02-08,18℃,8℃,多云,东南风 2级
2021-02-09,18℃,9℃,阴,东风 1级
2021-02-10,19℃,9℃,阴,南风 2级
2021-03-01,16℃,8℃,阴,西南风 3级
2021-03-02,16℃,8℃,多云,东风 2级
2021-03-03,17℃,7℃,多云,东南风 1级
2021-03-04,15℃,9℃,阴,东北风 1级
2021-03-05,18℃,11℃,阴,东风 2级
2021-03-06,19℃,9℃,小雨,南风 2级
2021-03-07,15℃,9℃,阴,东北风 2级
2021-03-08,14℃,11℃,阴,东北风 2级
2021-03-09,15℃,10℃,阴,西北风 1级
2021-03-10,16℃,11℃,阴,北风 1级
2021-04-01,18℃,11℃,阴,东北风 2级
2021-04-02,19℃,11℃,多云,西南风 1级
2021-04-03,21℃,10℃,多云,东风 2级
2021-04-04,18℃,10℃,阴,北风 2级
2021-04-05,18℃,12℃,阴,东北风 2级
2021-04-06,17℃,13℃,阴,东北风 2级
2021-04-07,23℃,13℃,阴,南风 2级
2021-04-08,21℃,13℃,阴,东北风 2级
2021-04-09,17℃,12℃,阴,东北风 2级
2021-04-10,15℃,12℃,阴,东北风 2级
2021-05-01,34℃,20℃,阴,西南风 2级
2021-05-02,32℃,18℃,多云,东北风 3级
2021-05-03,28℃,15℃,多云,东北风 2级
2021-05-04,21℃,14℃,小雨转阴,西风 2级
2021-05-05,22℃,15℃,小雨到中雨,南风 2级
2021-05-06,22℃,16℃,小雨转阴,南风 1级
2021-05-07,27℃,17℃,阴,南风 2级
2021-05-08,30℃,18℃,晴,南风 2级
2021-05-09,31℃,21℃,小雨转多云,南风 1级
2021-05-10,26℃,20℃,多云,东北风 3级
2021-06-01,29℃,20℃,小雨转多云,西风 2级
2021-06-02,28℃,19℃,小雨,南风 2级
2021-06-03,24℃,16℃,阴,西风 3级
2021-06-04,32℃,18℃,多云,南风 2级
2021-06-05,33℃,18℃,多云,西南风 2级
2021-06-06,30℃,21℃,阴,西南风 1级
2021-06-07,26℃,20℃,阴,西南风 2级
2021-06-08,24℃,19℃,小雨,西南风 2级
2021-06-09,23℃,19℃,阴,东风 2级
2021-06-10,29℃,19℃,多云,南风 2级
2021-07-01,32℃,23℃,阴,东北风 2级
2021-07-02,27℃,20℃,多云,东风 2级
2021-07-03,34℃,22℃,阴到小雨,南风 2级
2021-07-04,33℃,23℃,阴,东南风 2级
2021-07-05,27℃,24℃,阴,南风 2级
2021-07-06,31℃,24℃,多云,南风 2级
2021-07-07,33℃,24℃,阴,东南风 1级
2021-07-08,31℃,23℃,阴,东风 2级
2021-07-09,29℃,23℃,小雨到中雨,东北风 2级
2021-07-10,28℃,22℃,小雨转阴,北风 2级
2021-08-01,34℃,24℃,晴,东南风 1级
2021-08-02,40℃,25℃,晴,西南风 2级
2021-08-03,37℃,24℃,晴,北风 2级
2021-08-04,33℃,25℃,晴,东南风 2级
2021-08-05,25℃,22℃,阴,北风 2级
2021-08-06,33℃,24℃,阴,东南风 1级
2021-08-07,29℃,24℃,阴,东北风 2级
2021-08-08,29℃,22℃,阴,东北风 2级
2021-08-09,35℃,26℃,小雨到大雨,东风 2级
2021-08-10,35℃,24℃,多云,东北风 2级
2021-09-01,30℃,22℃,多云,北风 1级
2021-09-02,29℃,23℃,阴,北风 1级
2021-09-03,28℃,21℃,阴,北风 3级
2021-09-04,27℃,21℃,阴,东北风 3级
2021-09-05,29℃,20℃,阴,北风 2级
2021-09-06,29℃,20℃,阴,西南风 2级
2021-09-07,28℃,19℃,多云,南风 1级
2021-09-08,27℃,19℃,多云,北风 0级
2021-09-09,29℃,20℃,多云,南风 2级
2021-09-10,30℃,22℃,多云,东风 1级
2021-10-01,27℃,21℃,多云,东北风 2级
2021-10-02,30℃,23℃,多云,北风 1级
2021-10-03,31℃,20℃,多云,北风 1级
2021-10-04,23℃,17℃,小雨,东北风 2级
2021-10-05,20℃,18℃,小雨,北风 2级
2021-10-06,18℃,16℃,多云,北风 0级
2021-10-07,22℃,16℃,多云,北风 0级
2021-10-08,21℃,17℃,小雨,北风 2级
2021-10-09,20℃,15℃,阴,北风 2级
2021-10-10,16℃,13℃,多云,西风 1级
2021-11-01,17℃,12℃,雾~阴,东北风 1级
2021-11-02,15℃,13℃,雾~小雨,东北风 1级
2021-11-03,16℃,12℃,雾~小雨,北风 1级
2021-11-04,18℃,13℃,雾~多云,东北风 1级
2021-11-05,21℃,13℃,多云~小雨,东南风 1级
2021-11-06,17℃,7℃,阴~小雨,东北风 2级
2021-11-07,8℃,4℃,多云~阴,西南风 2级
2021-11-08,12℃,6℃,多云,南风 2级
2021-11-09,15℃,6℃,雾~晴,西南风 1级
2021-11-10,16℃,8℃,多云,东南风 1级
2021-12-01,17℃,5℃,多云,南风 1级
2021-12-02,17℃,5℃,多云,西南风 2级
2021-12-03,16℃,9℃,多云,东南风 2级
2021-12-04,16℃,5℃,多云,北风 2级
2021-12-05,18℃,7℃,霾,西南风 1级
2021-12-06,13℃,10℃,霾,北风 2级
2021-12-07,11℃,7℃,阴,北风 2级
2021-12-08,12℃,5℃,晴,西风 1级
2021-12-09,13℃,10℃,多云,东南风 0级
2021-12-10,10℃,8℃,阴,北风 1级
2022-01-01,13℃,2℃,多云,东南风 1级
2022-01-02,11℃,5℃,阴,东风 1级
2022-01-03,9℃,7℃,阴,北风 1级
2022-01-04,13℃,3℃,阴,南风 1级
2022-01-05,12℃,6℃,阴,北风 2级
2022-01-06,12℃,7℃,多云,北风 1级
2022-01-07,10℃,7℃,阴,北风 1级
2022-01-08,10℃,6℃,阴,北风 1级
2022-01-09,9℃,7℃,阴,北风 2级
2022-01-10,11℃,4℃,多云,东风 2级
2022-02-01,7℃,4℃,小雨,东北风 2级
2022-02-02,9℃,3℃,雾,西南风 1级
2022-02-03,8℃,4℃,雾,东北风 1级
2022-02-04,8℃,5℃,小雨,东南风 1级
2022-02-05,6℃,3℃,小雨,北风 1级
2022-02-06,6℃,2℃,小雨,北风 1级
2022-02-07,5℃,3℃,雾,东风 2级
2022-02-08,8℃,2℃,多云,南风 2级
2022-02-09,8℃,2℃,多云,东风 1级
2022-02-10,7℃,4℃,雾,北风 1级
2022-03-01,15℃,7℃,多云,东南风 1级
2022-03-02,17℃,7℃,阴,东北风 1级
2022-03-03,19℃,9℃,阴,南风 1级
2022-03-04,20℃,10℃,多云,西风 2级
2022-03-05,21℃,11℃,阴,东北风 2级
2022-03-06,21℃,9℃,晴,西南风 2级
2022-03-07,21℃,10℃,晴,东风 1级
2022-03-08,22℃,9℃,晴,北风 2级
2022-03-09,24℃,12℃,阴,北风 1级
2022-03-10,25℃,13℃,多云,北风 1级
2022-04-01,16℃,9℃,阴,西南风 1级
2022-04-02,20℃,10℃,多云,东南风 2级
2022-04-03,18℃,11℃,多云,北风 2级
2022-04-04,15℃,10℃,多云,西风 1级
2022-04-05,21℃,11℃,阴,南风 1级
2022-04-06,22℃,11℃,晴,南风 2级
2022-04-07,26℃,13℃,晴,南风 1级
2022-04-08,26℃,15℃,小雨,北风 1级
2022-04-09,29℃,16℃,多云,南风 2级
2022-04-10,29℃,17℃,多云,东南风 1级
2022-05-01,22℃,12℃,多云,西南风 3级
2022-05-02,25℃,11℃,多云,西南风 2级
2022-05-03,25℃,13℃,多云,南风 1级
2022-05-04,27℃,15℃,多云,南风 1级
2022-05-05,29℃,17℃,多云,南风 1级
2022-05-06,33℃,19℃,多云,东南风 2级
2022-05-07,32℃,20℃,多云,南风 2级
2022-05-08,27℃,17℃,小雨,北风 2级
2022-05-09,29℃,17℃,多云,南风 2级
2022-05-10,29℃,17℃,小雨,东北风 1级
2022-06-01,28℃,22℃,多云,东南风 2级
2022-06-02,30℃,22℃,晴,西南风 1级
2022-06-03,30℃,21℃,多云,南风 1级
2022-06-04,27℃,19℃,多云,西南风 2级
2022-06-05,30℃,20℃,多云,南风 2级
2022-06-06,31℃,21℃,多云,西南风 2级
2022-06-07,32℃,21℃,多云,南风 1级
2022-06-08,27℃,20℃,多云,东南风 1级
2022-06-09,26℃,20℃,多云,西风 1级
2022-06-10,27℃,20℃,阴,西南风 3级
2022-07-01,32℃,22℃,小雨,西南风 1级
2022-07-02,29℃,19℃,晴,西南风 1级
2022-07-03,32℃,22℃,晴,南风 2级
2022-07-04,34℃,24℃,多云,南风 1级
2022-07-05,36℃,24℃,晴,西南风 1级
2022-07-06,36℃,24℃,晴,南风 1级
2022-07-07,36℃,24℃,晴,西南风 1级
2022-07-08,37℃,25℃,晴,东南风 2级
2022-07-09,37℃,25℃,多云,西风 1级
2022-07-10,35℃,25℃,阴,北风 2级
2022-08-01,32℃,23℃,多云,西风 1级
2022-08-02,33℃,23℃,多云,西北风 1级
2022-08-03,34℃,24℃,雾,北风 2级
2022-08-04,31℃,24℃,小雨,东南风 1级
2022-08-05,34℃,24℃,雾,西风 1级
2022-08-06,34℃,25℃,多云,南风 1级
2022-08-07,37℃,25℃,多云,西北风 1级
2022-08-08,38℃,26℃,多云,西南风 1级
2022-08-09,38℃,25℃,多云,北风 1级
2022-08-10,38℃,25℃,多云,西北风 2级
2022-09-01,27℃,18℃,多云,南风 2级
2022-09-02,24℃,18℃,多云,东风 2级
2022-09-03,22℃,18℃,小雨,西南风 2级
2022-09-04,27℃,19℃,多云,西南风 2级
2022-09-05,32℃,19℃,雾,西南风 1级
2022-09-06,34℃,20℃,多云,西风 1级
2022-09-07,28℃,19℃,雾,北风 2级
2022-09-08,21℃,18℃,小雨,西北风 1级
2022-09-09,26℃,18℃,雾,南风 1级
2022-09-10,28℃,19℃,雾,东风 1级
2022-10-01,26℃,21℃,阴,北风 1级
2022-10-02,30℃,21℃,雾,东北风 1级
2022-10-03,24℃,17℃,雾,东北风 2级
2022-10-04,25℃,16℃,多云,南风 1级
2022-10-05,20℃,15℃,雾,东北风 1级
2022-10-06,19℃,14℃,多云,西南风 3级
2022-10-07,18℃,13℃,多云,东北风 1级
2022-10-08,17℃,13℃,小雨,西风 1级
2022-10-09,18℃,11℃,阴,北风 3级
2022-10-10,19℃,12℃,阴,西南风 2级
2022-11-01,24℃,16℃,雾,东南风 1级
2022-11-02,21℃,16℃,多云,北风 2级
2022-11-03,19℃,14℃,雾,东北风 1级
2022-11-04,19℃,13℃,小雨,东风 1级
2022-11-05,19℃,14℃,雾,东南风 2级
2022-11-06,20℃,15℃,雾,东北风 1级
2022-11-07,20℃,14℃,雾,北风 1级
2022-11-08,22℃,15℃,多云,东南风 1级
2022-11-09,18℃,16℃,雾,东风 2级
2022-11-10,21℃,16℃,雾,东北风 2级
2022-12-01,6℃,3℃,多云,东南风 1级
2022-12-02,9℃,5℃,多云,东风 2级
2022-12-03,7℃,6℃,雾,西风 2级
2022-12-04,12℃,5℃,雾,东南风 1级
2022-12-05,10℃,7℃,雾,东风 2级
2022-12-06,8℃,6℃,雾,西风 2级
2022-12-07,12℃,7℃,雾,东风 1级
2022-12-08,12℃,8℃,多云,南风 2级
2022-12-09,12℃,9℃,多云,西风 1级
2022-12-10,14℃,8℃,多云,西南风 1级
